use QUANLITRUNGTAMTINHOC
go

insert into CHUONGTRINHDAOTAO( MACT, MOTA ) values ('CTDT 001', N'Đào tạo chuyên đề');
insert into CHUONGTRINHDAOTAO( MACT, MOTA ) values ('CTDT 002', N'Đào tạo chứng chỉ');
insert into CHUONGTRINHDAOTAO( MACT, MOTA ) values ('CTDT 003', N'Đào tạo kĩ thuật viên');


insert into HOCVIEN( MAHV,HOTENHV, GIOITINH, SDT, EMAIL, NGAYSINH, DIEMTHITOTNGHIEP) values ('HV001', N'Nguyễn Thị A', N'nữ', N' 037906238', 'nguyenthia@gmail.com', CAST(N'2000-05-01' AS Date), null);
insert into HOCVIEN( MAHV,HOTENHV, GIOITINH, SDT, EMAIL, NGAYSINH, DIEMTHITOTNGHIEP) values ('HV002', N'Nguyễn Thị B', N'nữ', N' 037906394', 'nguyenthib@gmail.com', CAST(N'2000-05-04' AS Date), null);
insert into HOCVIEN( MAHV,HOTENHV, GIOITINH, SDT, EMAIL, NGAYSINH, DIEMTHITOTNGHIEP) values ('HV003', N'Nguyễn Văn C', N'nam', N'4438798', N'snpvhsh90@mralkn.com', CAST(N'2001-06-04' AS Date), null);
insert into HOCVIEN( MAHV,HOTENHV, GIOITINH, SDT, EMAIL, NGAYSINH, DIEMTHITOTNGHIEP) values ('HV004', N'Tracey O', N'Nữ', N'7325796', N'bggqpqzp.qyacuwhape@-jlfsn.net', CAST(N'1998-06-21' AS Date), null);
insert into HOCVIEN( MAHV,HOTENHV, GIOITINH, SDT, EMAIL, NGAYSINH, DIEMTHITOTNGHIEP) values ('HV005', N'Lance Webb', N'Nữ', N'7499311', N'addctbhd848@holawh.net', CAST(N'1997-11-16' AS Date), null);
insert into HOCVIEN( MAHV,HOTENHV, GIOITINH, SDT, EMAIL, NGAYSINH, DIEMTHITOTNGHIEP) values ('HV006', N'Ginger Esparza', N'Nam', N'1730988', N'rafb@wnxu.we-pdw.org', CAST(N'1999-11-09' AS Date), null);
insert into HOCVIEN( MAHV,HOTENHV, GIOITINH, SDT, EMAIL, NGAYSINH, DIEMTHITOTNGHIEP) values ('HV007', N'Nichole Mueller', N'Nam', N'2800866', N'qntiwxb4@ccfiwn.igsqva.net', CAST(N'2000-04-25' AS Date) , null);
insert into HOCVIEN( MAHV,HOTENHV, GIOITINH, SDT, EMAIL, NGAYSINH, DIEMTHITOTNGHIEP) values ('HV008', N'Fred Bradford', N'Nam', N'0294728', N'kznjc@pni-pu.com', CAST(N'2002-01-14' AS Date), null);
insert into HOCVIEN( MAHV,HOTENHV, GIOITINH, SDT, EMAIL, NGAYSINH, DIEMTHITOTNGHIEP) values ('HV009', N'Fred Bradford', N'Nam', N'0294728', N'kznjc@pni-pu.com', CAST(N'2002-01-14' AS Date), null);
insert into HOCVIEN( MAHV,HOTENHV, GIOITINH, SDT, EMAIL, NGAYSINH, DIEMTHITOTNGHIEP) values ('HV010', N'Fred Bradford', N'Nam', N'0294728', N'kznjc@pni-pu.com', CAST(N'2002-01-14' AS Date), null);
insert into HOCVIEN( MAHV,HOTENHV, GIOITINH, SDT, EMAIL, NGAYSINH, DIEMTHITOTNGHIEP) values ('HV011', N'Otis Becker', N'Nam', N'4998072', N'tlevccs.mwyoejze@yliuwkez.ejyhdr.com', CAST(N'1998-11-23' AS Date), null);
insert into HOCVIEN( MAHV,HOTENHV, GIOITINH, SDT, EMAIL, NGAYSINH, DIEMTHITOTNGHIEP) values ('HV012', N'Vanessa Huang', N'Nữ', N'1721606', N'smwypysr.krogltwnf@ocrbhpth.lbioys.com', CAST(N'2002-08-07' AS Date), null);
insert into HOCVIEN( MAHV,HOTENHV, GIOITINH, SDT, EMAIL, NGAYSINH, DIEMTHITOTNGHIEP) values ('HV013', N'Jay Haley', N'Nữ', N'9601844', N'vmljwsk.promx@xybdbq.vedjhu.org', CAST(N'1997-01-04' AS Date), null);
insert into HOCVIEN( MAHV,HOTENHV, GIOITINH, SDT, EMAIL, NGAYSINH, DIEMTHITOTNGHIEP) values ('HV014',  N'Angelina Rangel', N'Nữ', N'6246844', N'gldorlao.liolyo@qvycjnevg.dhxlvw.net', CAST(N'2000-08-28' AS Date), null);
insert into HOCVIEN( MAHV,HOTENHV, GIOITINH, SDT, EMAIL, NGAYSINH, DIEMTHITOTNGHIEP) values ('HV015', N'Sherrie Guzman', N'Nam', N'0424911', N'ysbruafd.zmzneql@clvcut.com', CAST(N'2000-03-17' AS Date), null);
insert into HOCVIEN( MAHV,HOTENHV, GIOITINH, SDT, EMAIL, NGAYSINH, DIEMTHITOTNGHIEP) values ('HV016',  N'Xavier Pearson', N'Nữ', N'2172327', N'tvrtg488@fdqkkhx.kdpphc.org', CAST(N'1997-02-11' AS Date), null);
insert into HOCVIEN( MAHV,HOTENHV, GIOITINH, SDT, EMAIL, NGAYSINH, DIEMTHITOTNGHIEP) values ('HV017', N'Joan Shah', N'Nữ', N'1922822', N'olgnwum96@mcvv.dimhlc.org', CAST(N'2000-08-18' AS Date), null);
insert into HOCVIEN( MAHV,HOTENHV, GIOITINH, SDT, EMAIL, NGAYSINH, DIEMTHITOTNGHIEP) values ('HV018', N'Jake Melton', N'Nam', N'9155476', N'xztubc.tzqlhdzuo@thmuzm.net', CAST(N'1999-01-08' AS Date), null);
insert into HOCVIEN( MAHV,HOTENHV, GIOITINH, SDT, EMAIL, NGAYSINH, DIEMTHITOTNGHIEP) values ('HV019', N'Beth Cowan', N'Nam', N'9677867', N'athfy.bjagy@lfypdw.org', CAST(N'1998-01-11' AS Date), null);
insert into HOCVIEN( MAHV,HOTENHV, GIOITINH, SDT, EMAIL, NGAYSINH, DIEMTHITOTNGHIEP) values ('HV020', N'Dena Villanueva', N'Nữ', N'7128661', N'rdnoosm.xcchetnvu@msmh-i.com', CAST(N'2000-03-23' AS Date), null);
insert into HOCVIEN( MAHV,HOTENHV, GIOITINH, SDT, EMAIL, NGAYSINH, DIEMTHITOTNGHIEP) values ('HV021', N'Shah', N'nữ', N' 037906238', 'nguyent@gmail.com', CAST(N'2000-05-01' AS Date), 8);
insert into HOCVIEN( MAHV,HOTENHV, GIOITINH, SDT, EMAIL, NGAYSINH, DIEMTHITOTNGHIEP) values ('HV022', N'Guzman', N'nữ', N' 037906394', 'nguyenb@gmail.com', CAST(N'2000-05-04' AS Date), 9);
insert into HOCVIEN( MAHV,HOTENHV, GIOITINH, SDT, EMAIL, NGAYSINH, DIEMTHITOTNGHIEP) values ('HV023', N'Haley', N'nam', N'4438798', N'snpvhh90@mralkn.com', CAST(N'2001-06-04' AS Date), 5);
insert into HOCVIEN( MAHV,HOTENHV, GIOITINH, SDT, EMAIL, NGAYSINH, DIEMTHITOTNGHIEP) values ('HV024', N'Tracey O', N'Nữ', N'7325796', N'bggqzp.qyacuwhape@-jlfsn.net', CAST(N'1998-06-21' AS Date), 3);
insert into HOCVIEN( MAHV,HOTENHV, GIOITINH, SDT, EMAIL, NGAYSINH, DIEMTHITOTNGHIEP) values ('HV025', N'Lance Webb', N'Nữ', N'7499311', N'addtbhd848@holawh.net', CAST(N'1997-11-16' AS Date), 5);
insert into HOCVIEN( MAHV,HOTENHV, GIOITINH, SDT, EMAIL, NGAYSINH, DIEMTHITOTNGHIEP) values ('HV026', N'Ginger ', N'Nam', N'1730988', N'rafjjb@wnxu.we-pdw.org', CAST(N'1999-11-09' AS Date), 6);
insert into HOCVIEN( MAHV,HOTENHV, GIOITINH, SDT, EMAIL, NGAYSINH, DIEMTHITOTNGHIEP) values ('HV027', N'Mueller', N'Nam', N'2800866', N'qntwxb4@ccfiwn.igsqva.net', CAST(N'2000-04-25' AS Date), 2);
insert into HOCVIEN( MAHV,HOTENHV, GIOITINH, SDT, EMAIL, NGAYSINH, DIEMTHITOTNGHIEP) values ('HV028', N'Fred ', N'Nam', N'0294728', N'kznjjhc@pni-pu.com', CAST(N'2002-01-14' AS Date), 9);
insert into HOCVIEN( MAHV,HOTENHV, GIOITINH, SDT, EMAIL, NGAYSINH, DIEMTHITOTNGHIEP) values ('HV029', N'Bradford', N'Nam', N'0294728', N'kzhhnjc@pni-pu.com', CAST(N'2002-01-14' AS Date), 10);
insert into HOCVIEN( MAHV,HOTENHV, GIOITINH, SDT, EMAIL, NGAYSINH, DIEMTHITOTNGHIEP) values ('HV030', N'Angelina', N'Nam', N'0294728', N'kzhhnjc@pni-pu.com', CAST(N'2002-01-14' AS Date), 3);
insert into HOCVIEN( MAHV,HOTENHV, GIOITINH, SDT, EMAIL, NGAYSINH, DIEMTHITOTNGHIEP) values ('HV031', N'Becker', N'Nam', N'4998072', N'tlevcc.mwyoejze@yliuwkez.ejyhdr.com', CAST(N'1998-11-23' AS Date), 6);
insert into HOCVIEN( MAHV,HOTENHV, GIOITINH, SDT, EMAIL, NGAYSINH, DIEMTHITOTNGHIEP) values ('HV032', N'Vanessa', N'Nữ', N'1721606', N'smwyysr.krogltwnf@ocrbhpth.lbioys.com', CAST(N'2002-08-07' AS Date), 8);
insert into HOCVIEN( MAHV,HOTENHV, GIOITINH, SDT, EMAIL, NGAYSINH, DIEMTHITOTNGHIEP) values ('HV033', N'Jay ', N'Nữ', N'9601844', N'vmljwsk.prom@xybdbq.vedjhu.org', CAST(N'1997-01-04' AS Date), 4);
insert into HOCVIEN( MAHV,HOTENHV, GIOITINH, SDT, EMAIL, NGAYSINH, DIEMTHITOTNGHIEP) values ('HV034',  N'Rangel', N'Nữ', N'6246844', N'gldlao.liolyo@qvycjnevg.dhxlvw.net', CAST(N'2000-08-28' AS Date), 8);
insert into HOCVIEN( MAHV,HOTENHV, GIOITINH, SDT, EMAIL, NGAYSINH, DIEMTHITOTNGHIEP) values ('HV035', N'Sherrie', N'Nam', N'0424911', N'ysuafd.zmzneql@clvcut.com', CAST(N'2000-03-17' AS Date), 9);
insert into HOCVIEN( MAHV,HOTENHV, GIOITINH, SDT, EMAIL, NGAYSINH, DIEMTHITOTNGHIEP) values ('HV036',  N'Xavier ', N'Nữ', N'2172327', N'tvrt88@fdqkkhx.kdpphc.org', CAST(N'1997-02-11' AS Date), 7);
insert into HOCVIEN( MAHV,HOTENHV, GIOITINH, SDT, EMAIL, NGAYSINH, DIEMTHITOTNGHIEP) values ('HV037', N' Shah', N'Nữ', N'1922822', N'olgnw96@mcvv.dimhlc.org', CAST(N'2000-08-18' AS Date), 6);
insert into HOCVIEN( MAHV,HOTENHV, GIOITINH, SDT, EMAIL, NGAYSINH, DIEMTHITOTNGHIEP) values ('HV038', N'Jake ', N'Nam', N'9155476', N'xztubc.tzqdzuo@thmuzm.net', CAST(N'1999-01-08' AS Date), 2);
insert into HOCVIEN( MAHV,HOTENHV, GIOITINH, SDT, EMAIL, NGAYSINH, DIEMTHITOTNGHIEP) values ('HV039', N' Cowan', N'Nam', N'9677867', N'athfy.bjy@lfypdw.org', CAST(N'1998-01-11' AS Date), 5);
insert into HOCVIEN( MAHV,HOTENHV, GIOITINH, SDT, EMAIL, NGAYSINH, DIEMTHITOTNGHIEP) values ('HV040', N'Dena ', N'Nữ', N'7128661', N'rdnoosm.xchetnvu@msmh-i.com', CAST(N'2000-03-23' AS Date), 5);
insert into HOCVIEN( MAHV,HOTENHV, GIOITINH, SDT, EMAIL, NGAYSINH, DIEMTHITOTNGHIEP) values ('HV041', N'Nichole', N'nữ', N' 037906238', 'nguyenh@gmail.com', CAST(N'2000-05-01' AS Date), 6);
insert into HOCVIEN( MAHV,HOTENHV, GIOITINH, SDT, EMAIL, NGAYSINH, DIEMTHITOTNGHIEP) values ('HV042', N'Nicho', N'nữ', N' 037906394', 'nguyhgf@gmail.com', CAST(N'2000-05-04' AS Date), 7);
insert into HOCVIEN( MAHV,HOTENHV, GIOITINH, SDT, EMAIL, NGAYSINH, DIEMTHITOTNGHIEP) values ('HV043', N'Vanessaaa', N'nam', N'4438798', N'snpsh90@mralkn.com', CAST(N'2001-06-04' AS Date), 8);
insert into HOCVIEN( MAHV,HOTENHV, GIOITINH, SDT, EMAIL, NGAYSINH, DIEMTHITOTNGHIEP) values ('HV044', N'Tracey O', N'Nữ', N'7325796', N'bggqzp.qyacuwhape@-jlfsn.net', CAST(N'1998-06-21' AS Date), 9);
insert into HOCVIEN( MAHV,HOTENHV, GIOITINH, SDT, EMAIL, NGAYSINH, DIEMTHITOTNGHIEP) values ('HV045', N'Lanebb', N'Nữ', N'7499511', N'addctd848@holawh.net', CAST(N'1997-11-16' AS Date), 10);
insert into HOCVIEN( MAHV,HOTENHV, GIOITINH, SDT, EMAIL, NGAYSINH, DIEMTHITOTNGHIEP) values ('HV046', N'Giparza', N'Nam', N'1730988', N'rafb@xu.we-pdw.org', CAST(N'1999-11-09' AS Date), 1);
insert into HOCVIEN( MAHV,HOTENHV, GIOITINH, SDT, EMAIL, NGAYSINH, DIEMTHITOTNGHIEP) values ('HV047', N'Nicholer', N'Nam', N'2800866', N'qntiwxb4@ccfiwn.igsqva.net', CAST(N'2000-04-25' AS Date), 2);
insert into HOCVIEN( MAHV,HOTENHV, GIOITINH, SDT, EMAIL, NGAYSINH, DIEMTHITOTNGHIEP) values ('HV048', N'Ford', N'Nam', N'0294728', N'kznjc@pni-pu.com', CAST(N'2002-01-14' AS Date), 3);
insert into HOCVIEN( MAHV,HOTENHV, GIOITINH, SDT, EMAIL, NGAYSINH, DIEMTHITOTNGHIEP) values ('HV049', N'Fradford', N'Nam', N'0294728', N'njc@pni-pu.com', CAST(N'2002-01-14' AS Date), 4);
insert into HOCVIEN( MAHV,HOTENHV, GIOITINH, SDT, EMAIL, NGAYSINH, DIEMTHITOTNGHIEP) values ('HV050', N'Fredford', N'Nam', N'0294728', N'kjc@pni-pu.com', CAST(N'2002-01-14' AS Date), 5);
insert into HOCVIEN( MAHV,HOTENHV, GIOITINH, SDT, EMAIL, NGAYSINH, DIEMTHITOTNGHIEP) values ('HV051', N'Otiser', N'Nam', N'4998072', N'tlevcs.mwyoejze@yliuwkez.ejyhdr.com', CAST(N'1998-11-23' AS Date), 6);
insert into HOCVIEN( MAHV,HOTENHV, GIOITINH, SDT, EMAIL, NGAYSINH, DIEMTHITOTNGHIEP) values ('HV052', N'Vanes', N'Nữ', N'1721606', N'smwypysr.krownf@ocrbhpth.lbioys.com', CAST(N'2002-08-07' AS Date), 7);
insert into HOCVIEN( MAHV,HOTENHV, GIOITINH, SDT, EMAIL, NGAYSINH, DIEMTHITOTNGHIEP) values ('HV053', N'Jayley', N'Nữ', N'9601844', N'vmljwsk.pro@xybdbq.vedjhu.org', CAST(N'1997-01-04' AS Date), 8);
insert into HOCVIEN( MAHV,HOTENHV, GIOITINH, SDT, EMAIL, NGAYSINH, DIEMTHITOTNGHIEP) values ('HV054',  N'Angegel', N'Nữ', N'6246844', N'gldorlao.liojjlyo@qvycjnevg.dhxlvw.net', CAST(N'2000-08-28' AS Date), 9);
insert into HOCVIEN( MAHV,HOTENHV, GIOITINH, SDT, EMAIL, NGAYSINH, DIEMTHITOTNGHIEP) values ('HV055', N'Sheman', N'Nam', N'0424911', N'ysbruafd.zneql@clvcut.com', CAST(N'2000-03-17' AS Date), 4);
insert into HOCVIEN( MAHV,HOTENHV, GIOITINH, SDT, EMAIL, NGAYSINH, DIEMTHITOTNGHIEP) values ('HV056',  N'Xaviearson', N'Nữ', N'2172327', N'tvrt88@fdqkkhx.kdpphc.org', CAST(N'1997-02-11' AS Date), 5);
insert into HOCVIEN( MAHV,HOTENHV, GIOITINH, SDT, EMAIL, NGAYSINH, DIEMTHITOTNGHIEP) values ('HV057', N'Johah', N'Nữ', N'1922822', N'olgnwkjum96@mcvv.dimhlc.org', CAST(N'2000-08-18' AS Date), 6);
insert into HOCVIEN( MAHV,HOTENHV, GIOITINH, SDT, EMAIL, NGAYSINH, DIEMTHITOTNGHIEP) values ('HV058', N'Jaton', N'Nam', N'9155476', N'xztunhbc.tzqlhdzuo@thmuzm.net', CAST(N'1999-01-08' AS Date), 7);
insert into HOCVIEN( MAHV,HOTENHV, GIOITINH, SDT, EMAIL, NGAYSINH, DIEMTHITOTNGHIEP) values ('HV059', N'Bewan', N'Nam', N'9677867', N'athhhfy.bjagy@lfypdw.org', CAST(N'1998-01-11' AS Date), 8);
insert into HOCVIEN( MAHV,HOTENHV, GIOITINH, SDT, EMAIL, NGAYSINH, DIEMTHITOTNGHIEP) values ('HV060', N'Roger Gross', N'Nữ', N'1402087', N'xwzr.qjitkn@vgjn-t.net', CAST(N'1999-02-07' AS Date), 9);
insert into HOCVIEN( MAHV,HOTENHV, GIOITINH, SDT, EMAIL, NGAYSINH, DIEMTHITOTNGHIEP) values ('HV061', N'Frances Forbes', N'Nữ', N'3031806', N'fufgh.ggpqcjpp@yvynlv.com', CAST(N'1998-06-02' AS Date), null);
insert into HOCVIEN( MAHV,HOTENHV, GIOITINH, SDT, EMAIL, NGAYSINH, DIEMTHITOTNGHIEP) values ('HV062', N'Marla Townsend', N'Nam', N'6425070', N'vbrzrj109@uga-tf.org', CAST(N'2001-02-07' AS Date), null);
insert into HOCVIEN( MAHV,HOTENHV, GIOITINH, SDT, EMAIL, NGAYSINH, DIEMTHITOTNGHIEP) values ('HV063', N'Glenn Farley', N'Nữ', N'0350253', N'axopdo.angzv@eyzovv.com', CAST(N'2001-02-11' AS Date), null);
insert into HOCVIEN( MAHV,HOTENHV, GIOITINH, SDT, EMAIL, NGAYSINH, DIEMTHITOTNGHIEP) values ('HV064', N'Stephan King', N'Nam', N'0665386', N'qtomv606@nkunpo.net', CAST(N'2002-06-09' AS Date), null);
insert into HOCVIEN( MAHV,HOTENHV, GIOITINH, SDT, EMAIL, NGAYSINH, DIEMTHITOTNGHIEP) values ('HV065',  N'Latanya Aguirre', N'Nữ', N'2173422', N'pifq@pk-vzs.com', CAST(N'1999-07-03' AS Date), null);
insert into HOCVIEN( MAHV,HOTENHV, GIOITINH, SDT, EMAIL, NGAYSINH, DIEMTHITOTNGHIEP) values ('HV066', N'Cynthia Padilla', N'Nữ', N'6783728', N'corewgja.dvtqi@u-onql.org', CAST(N'1997-12-29' AS Date), null);
insert into HOCVIEN( MAHV,HOTENHV, GIOITINH, SDT, EMAIL, NGAYSINH, DIEMTHITOTNGHIEP) values ('HV067', N'Jordan Dean', N'Nữ', N'2406934', N'wlgni4@nt-tfj.com', CAST(N'1999-07-15' AS Date), null);
insert into HOCVIEN( MAHV,HOTENHV, GIOITINH, SDT, EMAIL, NGAYSINH, DIEMTHITOTNGHIEP) values ('HV068', N'Fred Mc Mahon', N'Nữ', N'4093932', N'dylw3@brzale.com', CAST(N'1997-11-10' AS Date), null);
insert into HOCVIEN( MAHV,HOTENHV, GIOITINH, SDT, EMAIL, NGAYSINH, DIEMTHITOTNGHIEP) values ('HV069', N'Latoya Castro', N'Nam', N'1485965', N'jdio.aevcctzge@qdskrjg.rlqyjl.com', CAST(N'1997-08-28' AS Date), null);
insert into HOCVIEN( MAHV,HOTENHV, GIOITINH, SDT, EMAIL, NGAYSINH, DIEMTHITOTNGHIEP) values ('HV070',  N'Ray Haynes', N'Nam', N'2036448', N'hywfljv.ckvdudnq@qnybrx.com', CAST(N'2002-08-14' AS Date), null);
insert into HOCVIEN( MAHV,HOTENHV, GIOITINH, SDT, EMAIL, NGAYSINH, DIEMTHITOTNGHIEP) values ('HV071', N'Heidi Blevins', N'Nam', N'6027477', N'tmzclh8@kuvgud.org', CAST(N'1997-03-29' AS Date), null);
insert into HOCVIEN( MAHV,HOTENHV, GIOITINH, SDT, EMAIL, NGAYSINH, DIEMTHITOTNGHIEP) values ('HV072', N'Dustin Gates', N'Nam', N'5978195', N'ozbk.vxus@svblamfpp.izedwl.com', CAST(N'1998-01-15' AS Date), null);
insert into HOCVIEN( MAHV,HOTENHV, GIOITINH, SDT, EMAIL, NGAYSINH, DIEMTHITOTNGHIEP) values ('HV073', N'Wallace Liu', N'Nữ', N'1486405', N'hkvu.nakmbpdtiu@wogcqn.net', CAST(N'1998-12-08' AS Date), null);
insert into HOCVIEN( MAHV,HOTENHV, GIOITINH, SDT, EMAIL, NGAYSINH, DIEMTHITOTNGHIEP) values ('HV074', N'Lana Kelley', N'Nữ', N'8912563', N'cgauc23@hjduwk.net', CAST(N'1998-10-12' AS Date), null);
insert into HOCVIEN( MAHV,HOTENHV, GIOITINH, SDT, EMAIL, NGAYSINH, DIEMTHITOTNGHIEP) values ('HV075',  N'Heidi Gardner', N'Nam', N'7963079', N'uobxcbyi1@tccwxv.org', CAST(N'2001-12-11' AS Date), null);
insert into HOCVIEN( MAHV,HOTENHV, GIOITINH, SDT, EMAIL, NGAYSINH, DIEMTHITOTNGHIEP) values ('HV076', N'Mary Charles', N'Nữ', N'0089690', N'pnhtvz693@pxhwj.zikdil.net', CAST(N'1997-05-07' AS Date), null);
insert into HOCVIEN( MAHV,HOTENHV, GIOITINH, SDT, EMAIL, NGAYSINH, DIEMTHITOTNGHIEP) values ('HV077', N'Lori Wilson', N'Nữ', N'6703744', N'fpybtb.bctienbd@gyshue.org', CAST(N'1998-05-20' AS Date), null);
insert into HOCVIEN( MAHV,HOTENHV, GIOITINH, SDT, EMAIL, NGAYSINH, DIEMTHITOTNGHIEP) values ('HV078', N'Katie Daugherty', N'Nữ', N'4049387', N'jugivvtf.uygvnffkor@fkmkotw.hmalql.net', CAST(N'2002-07-01' AS Date), null);
insert into HOCVIEN( MAHV,HOTENHV, GIOITINH, SDT, EMAIL, NGAYSINH, DIEMTHITOTNGHIEP) values ('HV079', N'Cody Peck', N'Nam', N'0665318', N'bfbi031@tpakqq.org', CAST(N'1999-12-17' AS Date), null);
insert into HOCVIEN( MAHV,HOTENHV, GIOITINH, SDT, EMAIL, NGAYSINH, DIEMTHITOTNGHIEP) values ('HV080', N'Lamont Rush', N'Nam', N'9480340', N'fwybp261@-higwh.com', CAST(N'2002-10-25' AS Date), null);
insert into HOCVIEN( MAHV,HOTENHV, GIOITINH, SDT, EMAIL, NGAYSINH, DIEMTHITOTNGHIEP) values ('HV081', N'Tracy Frost', N'Nam', N'6186389', N'odeavm673@qprrui.nxlcmk.net', CAST(N'2000-12-20' AS Date), null);
insert into HOCVIEN( MAHV,HOTENHV, GIOITINH, SDT, EMAIL, NGAYSINH, DIEMTHITOTNGHIEP) values ('HV082', N'Kris Rogers', N'Nam', N'8419382', N'bkwawo56@gtehao.net', CAST(N'1998-02-27' AS Date), null);
insert into HOCVIEN( MAHV,HOTENHV, GIOITINH, SDT, EMAIL, NGAYSINH, DIEMTHITOTNGHIEP) values ('HV083', N'Jake Velez', N'Nam', N'5006152', N'onyz.rptlgczz@migkfx.com', CAST(N'1997-10-10' AS Date), null);
insert into HOCVIEN( MAHV,HOTENHV, GIOITINH, SDT, EMAIL, NGAYSINH, DIEMTHITOTNGHIEP) values ('HV084', N'Lorena Kaufman', N'Nữ', N'6426921', N'zqplekvj7@klgoip.com', CAST(N'2002-02-26' AS Date), null);
insert into HOCVIEN( MAHV,HOTENHV, GIOITINH, SDT, EMAIL, NGAYSINH, DIEMTHITOTNGHIEP) values ('HV085',  N'Anthony Cohen', N'Nam', N'7991875', N'czod.digbeuwwgl@dhqwjng.anxefe.org', CAST(N'2000-12-15' AS Date), null);
insert into HOCVIEN( MAHV,HOTENHV, GIOITINH, SDT, EMAIL, NGAYSINH, DIEMTHITOTNGHIEP) values ('HV086', N'Garrett Ware', N'Nữ', N'6471931', N'zpfyu.qschby@sztixqqu.fxxzwv.org', CAST(N'2000-08-30' AS Date), null);
insert into HOCVIEN( MAHV,HOTENHV, GIOITINH, SDT, EMAIL, NGAYSINH, DIEMTHITOTNGHIEP) values ('HV087', N'Jaime Glass', N'Nữ', N'7474985', N'wonfr.atyit@jmxfsp.org', CAST(N'2002-10-19' AS Date), null);
insert into HOCVIEN( MAHV,HOTENHV, GIOITINH, SDT, EMAIL, NGAYSINH, DIEMTHITOTNGHIEP) values ('HV088', N'Janice Larsen', N'Nữ', N'7439466', N'haxea713@-hfudi.net', CAST(N'2002-12-13' AS Date), null);
insert into HOCVIEN( MAHV,HOTENHV, GIOITINH, SDT, EMAIL, NGAYSINH, DIEMTHITOTNGHIEP) values ('HV089', N'Trenton Brown', N'Nam', N'9747347', N'ghusb087@lsam.yprnen.com', CAST(N'2000-07-24' AS Date), null);
insert into HOCVIEN( MAHV,HOTENHV, GIOITINH, SDT, EMAIL, NGAYSINH, DIEMTHITOTNGHIEP) values ('HV090', N'Evelyn Adams', N'Nữ', N'5262108', N'ltyyjk4@zmzbyl.com', CAST(N'1999-08-22' AS Date), null);
insert into HOCVIEN( MAHV,HOTENHV, GIOITINH, SDT, EMAIL, NGAYSINH, DIEMTHITOTNGHIEP) values ('HV091', N'Edward Alvarez', N'Nữ', N'8449065', N'pxyooo386@mfsqcxixy.foiizq.net', CAST(N'1998-07-04' AS Date), null);
insert into HOCVIEN( MAHV,HOTENHV, GIOITINH, SDT, EMAIL, NGAYSINH, DIEMTHITOTNGHIEP) values ('HV092', N'Arthur Howard', N'Nam', N'4556212', N'zizq.vnpwoo@jxitqn.com', CAST(N'1999-12-22' AS Date), null);
insert into HOCVIEN( MAHV,HOTENHV, GIOITINH, SDT, EMAIL, NGAYSINH, DIEMTHITOTNGHIEP) values ('HV093', N'Nora Grant', N'Nữ', N'2239634', N'mgkegsdy836@deebbk.moquez.net', CAST(N'1998-09-08' AS Date), null);
insert into HOCVIEN( MAHV,HOTENHV, GIOITINH, SDT, EMAIL, NGAYSINH, DIEMTHITOTNGHIEP) values ('HV094', N'Gretchen Caldwell', N'Nữ', N'4322413', N'twyk.ibdqji@fabrqted.bvyzg-.com', CAST(N'1999-09-23' AS Date), null);
insert into HOCVIEN( MAHV,HOTENHV, GIOITINH, SDT, EMAIL, NGAYSINH, DIEMTHITOTNGHIEP) values ('HV095', N'Travis Warner', N'Nữ', N'9660678', N'fbrxmz.wvnrfm@krskxt.net', CAST(N'2001-08-17' AS Date), null);
insert into HOCVIEN( MAHV,HOTENHV, GIOITINH, SDT, EMAIL, NGAYSINH, DIEMTHITOTNGHIEP) values ('HV096', N'Kendrick Bradford', N'Nam', N'3921922', N'amci.teprkoz@fyxn.wnj-xn.com', CAST(N'2001-11-30' AS Date), null);
insert into HOCVIEN( MAHV,HOTENHV, GIOITINH, SDT, EMAIL, NGAYSINH, DIEMTHITOTNGHIEP) values ('HV097',  N'Michele Avery', N'Nữ', N'6406911', N'rutodsv.wgwwe@qvngdq.net', CAST(N'2001-05-07' AS Date), null);
insert into HOCVIEN( MAHV,HOTENHV, GIOITINH, SDT, EMAIL, NGAYSINH, DIEMTHITOTNGHIEP) values ('HV098', N'Julio Bradford', N'Nữ', N'8933073', N'psdjalx.gzfnbdixpo@rlshnuhoi.utunle.net', CAST(N'1997-03-29' AS Date), null);
insert into HOCVIEN( MAHV,HOTENHV, GIOITINH, SDT, EMAIL, NGAYSINH, DIEMTHITOTNGHIEP) values ('HV099', N'Monica Whitehead', N'Nam', N'4822229', N'tajqg46@eqtbdq.org', CAST(N'2002-02-15' AS Date), null);
insert into HOCVIEN( MAHV,HOTENHV, GIOITINH, SDT, EMAIL, NGAYSINH, DIEMTHITOTNGHIEP) values ('HV100', N'Elton Nixon', N'Nam', N'4806941', N'hibhcml.nebe@tt-knl.org', CAST(N'2000-03-04' AS Date), null);


insert into GIANGVIEN( MAGV, TENGV, GIOITINH, TRINHDO, NGAYSINH, SODIENTHOAI) values (N'GV 01', N'Wendell Villanueva', N'Nữ', N'Tiến sĩ', CAST(N'1961-08-29' AS Date), N'6988953')
insert into GIANGVIEN( MAGV, TENGV, GIOITINH, TRINHDO, NGAYSINH, SODIENTHOAI) values (N'GV 02', N'Kris Middleton', N'Nam', N'Thạc sĩ', CAST(N'1966-02-20' AS Date), N'9680918')
insert into GIANGVIEN( MAGV, TENGV, GIOITINH, TRINHDO, NGAYSINH, SODIENTHOAI) values (N'GV 03', N'Lee Carter', N'Nữ', N'Cử nhân', CAST(N'1992-08-25' AS Date), N'9929924')
insert into GIANGVIEN( MAGV, TENGV, GIOITINH, TRINHDO, NGAYSINH, SODIENTHOAI) values (N'GV 04', N'Donnie Goodman', N'Nam', N'Thạc sĩ', CAST(N'1960-05-23' AS Date), N'5910415')
insert into GIANGVIEN( MAGV, TENGV, GIOITINH, TRINHDO, NGAYSINH, SODIENTHOAI) values (N'GV 05', N'Johanna Stein', N'Nữ', N'Thạc sĩ', CAST(N'1985-07-12' AS Date), N'8139643')
insert into GIANGVIEN( MAGV, TENGV, GIOITINH, TRINHDO, NGAYSINH, SODIENTHOAI) values (N'GV 06', N'Debbie Parsons', N'Nam', N'Thạc sĩ', CAST(N'1983-04-08' AS Date), N'2013511')
insert into GIANGVIEN( MAGV, TENGV, GIOITINH, TRINHDO, NGAYSINH, SODIENTHOAI) values (N'GV 07', N'Maggie Dominguez', N'Nữ', N'Thạc sĩ', CAST(N'1979-11-29' AS Date), N'4044088')
insert into GIANGVIEN( MAGV, TENGV, GIOITINH, TRINHDO, NGAYSINH, SODIENTHOAI) values (N'GV 08', N'Jeffrey Ashley', N'Nam', N'Cử nhân', CAST(N'1965-07-26' AS Date), N'8376458')
insert into GIANGVIEN( MAGV, TENGV, GIOITINH, TRINHDO, NGAYSINH, SODIENTHOAI) values (N'GV 09', N'Oscar Andrade', N'Nữ', N'Tiến sĩ', CAST(N'1958-12-01' AS Date), N'7093628')
insert into GIANGVIEN( MAGV, TENGV, GIOITINH, TRINHDO, NGAYSINH, SODIENTHOAI) values (N'GV 10', N'Yvonne Sutton', N'Nữ', N'Thạc sĩ', CAST(N'1979-03-25' AS Date), N'5390700')
insert into GIANGVIEN( MAGV, TENGV, GIOITINH, TRINHDO, NGAYSINH, SODIENTHOAI) values (N'GV 11', N'Marcus Lloyd', N'Nam', N'Cử nhân', CAST(N'1989-01-24' AS Date), N'4679411')
insert into GIANGVIEN( MAGV, TENGV, GIOITINH, TRINHDO, NGAYSINH, SODIENTHOAI) values (N'GV 12', N'Yolanda Jackson', N'Nữ', N'Thạc sĩ', CAST(N'1970-10-20' AS Date), N'4043650')
insert into GIANGVIEN( MAGV, TENGV, GIOITINH, TRINHDO, NGAYSINH, SODIENTHOAI) values (N'GV 13', N'Roger Hoover', N'Nữ', N'Thạc sĩ', CAST(N'1996-09-04' AS Date), N'0566761')
insert into GIANGVIEN( MAGV, TENGV, GIOITINH, TRINHDO, NGAYSINH, SODIENTHOAI) values (N'GV 14', N'Karin Hubbard', N'Nam', N'Tiến sĩ', CAST(N'1989-09-10' AS Date), N'6907762')
insert into GIANGVIEN( MAGV, TENGV, GIOITINH, TRINHDO, NGAYSINH, SODIENTHOAI) values (N'GV 15', N'Margaret Melendez', N'Nam', N'Tiến sĩ', CAST(N'1981-08-27' AS Date), N'5247211')
insert into GIANGVIEN( MAGV, TENGV, GIOITINH, TRINHDO, NGAYSINH, SODIENTHOAI) values (N'GV 16', N'Marc Coleman', N'Nữ', N'Cử nhân', CAST(N'1957-08-08' AS Date), N'4186653')
insert into GIANGVIEN( MAGV, TENGV, GIOITINH, TRINHDO, NGAYSINH, SODIENTHOAI) values (N'GV 17', N'Darryl Barker', N'Nam', N'Cử nhân', CAST(N'1977-10-06' AS Date), N'0091396')
insert into GIANGVIEN( MAGV, TENGV, GIOITINH, TRINHDO, NGAYSINH, SODIENTHOAI) values (N'GV 18', N'Hugh Shaffer', N'Nữ', N'Tiến sĩ', CAST(N'1954-07-09' AS Date), N'9660185')
insert into GIANGVIEN( MAGV, TENGV, GIOITINH, TRINHDO, NGAYSINH, SODIENTHOAI) values (N'GV 19', N'Peter Frederick', N'Nam', N'Cử nhân', CAST(N'1973-11-15' AS Date), N'0458278')
insert into GIANGVIEN( MAGV, TENGV, GIOITINH, TRINHDO, NGAYSINH, SODIENTHOAI) values (N'GV 20', N'Jamison Stout', N'Nữ', N'Cử nhân', CAST(N'1963-05-09' AS Date), N'1222728')


insert into NVGIAOVU(MANV, TENNV, SDT, EMAIL) values (N'NV 01', N'Duane Mathews', N'6367226', N'nmymmwf.dwoek@gukwnw.net')
insert into NVGIAOVU(MANV, TENNV, SDT, EMAIL) values (N'NV 02', N'Carolyn Ingram', N'8058031', N'xzuogl.avibgwov@qpnlkf.ows-xf.net')
insert into NVGIAOVU(MANV, TENNV, SDT, EMAIL) values (N'NV 03', N'Bradford Palmer', N'2494772', N'qbfh.iroldyy@sauox.ktm-ot.net')
insert into NVGIAOVU(MANV, TENNV, SDT, EMAIL) values (N'NV 04', N'Lori Clark', N'7682760', N'qtgsby.shqehnx@ft-gqi.com')
insert into NVGIAOVU(MANV, TENNV, SDT, EMAIL) values (N'NV 05', N'Donna Levine', N'3276408', N'oagp35@rt-chg.org')
insert into NVGIAOVU(MANV, TENNV, SDT, EMAIL) values (N'NV 06', N'Paula Petty', N'6961052', N'dyarok.nanhjr@fzfaajnar.ebdltp.net')
insert into NVGIAOVU(MANV, TENNV, SDT, EMAIL) values (N'NV 07', N'Maggie Leach', N'5184823', N'pjowvfvf.nazwoin@pqpbhk.com')
insert into NVGIAOVU(MANV, TENNV, SDT, EMAIL) values (N'NV 08', N'Ray Simmons', N'4252618', N'dzdw@kvslbn.org')
insert into NVGIAOVU(MANV, TENNV, SDT, EMAIL) values (N'NV 09', N'Benny Yang', N'1339995', N'baqtaf.gdlkp@chlez.gbwoes.net')
insert into NVGIAOVU(MANV, TENNV, SDT, EMAIL) values (N'NV 10', N'John Knight', N'4071684', N'rrpdp@-lzvbq.org')


insert into NHOMCHUYENDE( MANHOMCD, TENNHOMCD, MACT) values ('NCD 001', N'Lập trình viên Java', 'CTDT 001');
insert into NHOMCHUYENDE( MANHOMCD, TENNHOMCD, MACT) values ('NCD 002', N'Tin học văn phòng', 'CTDT 001');
insert into NHOMCHUYENDE( MANHOMCD, TENNHOMCD, MACT) values ('NCD 003', N'Python ứng dụng', 'CTDT 001');
insert into NHOMCHUYENDE( MANHOMCD, TENNHOMCD, MACT) values ('NCD 004', N'Chuyên đề .Net', 'CTDT 001');
insert into NHOMCHUYENDE( MANHOMCD, TENNHOMCD, MACT) values ('NCD 005', N'Chuyên đề Oracle', 'CTDT 001');


insert into CHUYENDE( MACD, TENCD, MANHOMCD, GIATIEN) values ('CD 101', N'Lập trình cơ bản Java','NCD 001', 1500000);
insert into CHUYENDE( MACD, TENCD, MANHOMCD, GIATIEN) values ('CD 102', N'Lập trình viên Java','NCD 001', 1500000);
insert into CHUYENDE( MACD, TENCD, MANHOMCD, GIATIEN) values ('CD 103', N'Java nâng cao','NCD 001', 1500000);
insert into CHUYENDE( MACD, TENCD, MANHOMCD, GIATIEN) values ('CD 201', N'Word, Excel cơ bản','NCD 002', 1400000);
insert into CHUYENDE( MACD, TENCD, MANHOMCD, GIATIEN) values ('CD 202', N'Excel nâng cao','NCD 002', 1400000);
insert into CHUYENDE( MACD, TENCD, MANHOMCD, GIATIEN) values ('CD 203', N'Tính toán trong Excel','NCD 002', 1400000);
insert into CHUYENDE( MACD, TENCD, MANHOMCD, GIATIEN) values ('CD 301', N'Tìm hiểu về Python','NCD 003', 1300000);
insert into CHUYENDE( MACD, TENCD, MANHOMCD, GIATIEN) values ('CD 302', N'Lập trình Python','NCD 003', 1300000);
insert into CHUYENDE( MACD, TENCD, MANHOMCD, GIATIEN) values ('CD 303', N'Python nâng cao','NCD 003', 1300000);
insert into CHUYENDE( MACD, TENCD, MANHOMCD, GIATIEN) values ('CD 401', N'Tìm hiểu về .Net','NCD 004', 1600000);
insert into CHUYENDE( MACD, TENCD, MANHOMCD, GIATIEN) values ('CD 402', N'Lập trình viên .Net','NCD 004', 1600000);
insert into CHUYENDE( MACD, TENCD, MANHOMCD, GIATIEN) values ('CD 403', N'Lập trình .Net nâng cao','NCD 004', 1600000);
insert into CHUYENDE( MACD, TENCD, MANHOMCD, GIATIEN) values ('CD 501', N'Giới thiệu về Oracle 18c','NCD 005', 1700000);
insert into CHUYENDE( MACD, TENCD, MANHOMCD, GIATIEN) values ('CD 502', N'Oracle 18c - PL/SQL','NCD 005', 1700000);
insert into CHUYENDE( MACD, TENCD, MANHOMCD, GIATIEN) values ('CD 503', N'Oracle 18c - forms','NCD 005', 1700000);


insert into LOPCHUYENDE( MALOPCD, MACD, TENLOPCD, MAGV, SISO, THOIGIANHOC) values ('LOP 101', 'CD 101',N'Lớp Lập trình Java cơ bản','GV 01', 15, CAST(N'2021-06-08' AS Date));
insert into LOPCHUYENDE( MALOPCD, MACD, TENLOPCD, MAGV, SISO, THOIGIANHOC) values ('LOP 102', 'CD 102',N'Lớp Lập trình viên Java','GV 01', 15, CAST(N'2021-06-08' AS Date));
insert into LOPCHUYENDE( MALOPCD, MACD, TENLOPCD, MAGV, SISO, THOIGIANHOC) values ('LOP 103', 'CD 103',N'Lớp Java nâng cao','GV 01', 15, CAST(N'2021-06-08' AS Date));
insert into LOPCHUYENDE( MALOPCD, MACD, TENLOPCD, MAGV, SISO, THOIGIANHOC) values ('LOP 201', 'CD 201',N'Lớp word, excel cơ bản','GV 02', 18, CAST(N'2021-06-08' AS Date));
insert into LOPCHUYENDE( MALOPCD, MACD, TENLOPCD, MAGV, SISO, THOIGIANHOC) values ('LOP 202', 'CD 202',N'Lớp Excel nâng cao','GV 02', 18, CAST(N'2021-06-08' AS Date));
insert into LOPCHUYENDE( MALOPCD, MACD, TENLOPCD, MAGV, SISO, THOIGIANHOC) values ('LOP 203', 'CD 203',N'Lớp tính toán trong Excel','GV 02', 18, CAST(N'2021-06-08' AS Date));
insert into LOPCHUYENDE( MALOPCD, MACD, TENLOPCD, MAGV, SISO, THOIGIANHOC) values ('LOP 301', 'CD 301',N'Lớp Tìm hiểu về Python','GV 03', 16, CAST(N'2021-06-08' AS Date));
insert into LOPCHUYENDE( MALOPCD, MACD, TENLOPCD, MAGV, SISO, THOIGIANHOC) values ('LOP 302', 'CD 302',N'Lớp Lập trình Python','GV 03', 16, CAST(N'2021-06-08' AS Date));
insert into LOPCHUYENDE( MALOPCD, MACD, TENLOPCD, MAGV, SISO, THOIGIANHOC) values ('LOP 303', 'CD 303',N'Lớp Python nâng cao','GV 03', 16, CAST(N'2021-06-08' AS Date));
insert into LOPCHUYENDE( MALOPCD, MACD, TENLOPCD, MAGV, SISO, THOIGIANHOC) values ('LOP 401', 'CD 401',N'Lớp Tìm hiểu về .Net','GV 04', 18, CAST(N'2021-06-08' AS Date));
insert into LOPCHUYENDE( MALOPCD, MACD, TENLOPCD, MAGV, SISO, THOIGIANHOC) values ('LOP 402', 'CD 402',N'Lớp Lập trình viên .Net','GV 04', 18, CAST(N'2021-06-08' AS Date));
insert into LOPCHUYENDE( MALOPCD, MACD, TENLOPCD, MAGV, SISO, THOIGIANHOC) values ('LOP 403', 'CD 403',N'Lớp Lập trình .Net nâng cao','GV 04', 18, CAST(N'2021-06-08' AS Date));
insert into LOPCHUYENDE( MALOPCD, MACD, TENLOPCD, MAGV, SISO, THOIGIANHOC) values ('LOP 501', 'CD 501',N'Lớp Giới thiệu về Oracle 18c','GV 05', 20, CAST(N'2021-06-08' AS Date));
insert into LOPCHUYENDE( MALOPCD, MACD, TENLOPCD, MAGV, SISO, THOIGIANHOC) values ('LOP 502', 'CD 502',N'Lớp Oracle 18c - PL/SQL','GV 05', 20, CAST(N'2021-06-08' AS Date));
insert into LOPCHUYENDE( MALOPCD, MACD, TENLOPCD, MAGV, SISO, THOIGIANHOC) values ('LOP 503', 'CD 503',N'Lớp Oracle 18c - forms','GV 05', 20, CAST(N'2021-06-08' AS Date));


insert into NHOMHP( MANHOMHP, TENNHOMHP, MACT) values ('NHP 001', N'Hệ thống thông tin', 'CTDT 003');
insert into NHOMHP( MANHOMHP, TENNHOMHP, MACT) values ('NHP 002', N'Kỹ thuật phần mềm', 'CTDT 003');
insert into NHOMHP( MANHOMHP, TENNHOMHP, MACT) values ('NHP 003', N'Mạng máy tính', 'CTDT 003');
insert into NHOMHP( MANHOMHP, TENNHOMHP, MACT) values ('NHP 004', N'Khoa học máy tính', 'CTDT 003');
insert into NHOMHP( MANHOMHP, TENNHOMHP, MACT) values ('NHP 005', N'Công nghệ tri thức', 'CTDT 003');
insert into NHOMHP( MANHOMHP, TENNHOMHP, MACT) values ('NHP 006', N'Thị giác máy tính', 'CTDT 003');
insert into NHOMHP( MANHOMHP, TENNHOMHP, MACT) values ('NHP 007', N'Chứng chỉ A', 'CTDT 002');
insert into NHOMHP( MANHOMHP, TENNHOMHP, MACT) values ('NHP 008', N'Chứng chỉ B nhánh 1', 'CTDT 002');
insert into NHOMHP( MANHOMHP, TENNHOMHP, MACT) values ('NHP 009', N'Chứng chỉ B nhánh 2', 'CTDT 002');


insert into MONHOC( MAMONHOC, MANHOMHP, TENMONHOC, HINHTHUCDAOTAO, GIATIEN) values ('MH 101','NHP 001', 'Phân tích thiết kế', N'Đào tạo kĩ thuật viên', 1200000);
insert into MONHOC( MAMONHOC, MANHOMHP, TENMONHOC, HINHTHUCDAOTAO, GIATIEN) values ('MH 102','NHP 001', 'An toàn và bảo mật trong HTTT', N'Đào tạo kĩ thuật viên', 1200000);
insert into MONHOC( MAMONHOC, MANHOMHP, TENMONHOC, HINHTHUCDAOTAO, GIATIEN) values ('MH 103','NHP 001', 'Hệ quản trị', N'Đào tạo kĩ thuật viên', 1200000);
insert into MONHOC( MAMONHOC, MANHOMHP, TENMONHOC, HINHTHUCDAOTAO, GIATIEN) values ('MH 201','NHP 002', 'Thiết kế phần mềm', N'Đào tạo kĩ thuật viên', 1200000);
insert into MONHOC( MAMONHOC, MANHOMHP, TENMONHOC, HINHTHUCDAOTAO, GIATIEN) values ('MH 202','NHP 002', 'Nhập môn công nghệ phần mềm', N'Đào tạo kĩ thuật viên', 1200000);
insert into MONHOC( MAMONHOC, MANHOMHP, TENMONHOC, HINHTHUCDAOTAO, GIATIEN) values ('MH 301','NHP 003', 'Thiết kế mạng', N'Đào tạo kĩ thuật viên', 1200000);
insert into MONHOC( MAMONHOC, MANHOMHP, TENMONHOC, HINHTHUCDAOTAO, GIATIEN) values ('MH 302','NHP 003', 'An ninh máy tính', N'Đào tạo kĩ thuật viên', 1200000);
insert into MONHOC( MAMONHOC, MANHOMHP, TENMONHOC, HINHTHUCDAOTAO, GIATIEN) values ('MH 401','NHP 004', 'Nhập môn KHMT', N'Đào tạo kĩ thuật viên', 1200000);
insert into MONHOC( MAMONHOC, MANHOMHP, TENMONHOC, HINHTHUCDAOTAO, GIATIEN) values ('MH 402','NHP 004', 'Lập trình cho KHDL', N'Đào tạo kĩ thuật viên', 1200000);
insert into MONHOC( MAMONHOC, MANHOMHP, TENMONHOC, HINHTHUCDAOTAO, GIATIEN) values ('MH 501','NHP 005', 'Nhập môn công nghệ tri thức', N'Đào tạo kĩ thuật viên', 1200000);
insert into MONHOC( MAMONHOC, MANHOMHP, TENMONHOC, HINHTHUCDAOTAO, GIATIEN) values ('MH 502','NHP 005', 'Các hệ cơ sở tri thức', N'Đào tạo kĩ thuật viên', 1200000);
insert into MONHOC( MAMONHOC, MANHOMHP, TENMONHOC, HINHTHUCDAOTAO, GIATIEN) values ('MH 601','NHP 006', 'Nhập môn thị giác máy tính', N'Đào tạo kĩ thuật viên', 1200000);
insert into MONHOC( MAMONHOC, MANHOMHP, TENMONHOC, HINHTHUCDAOTAO, GIATIEN) values ('MH 602','NHP 006', 'Truy vấn thông tin thị giác', N'Đào tạo kĩ thuật viên', 1200000);
insert into MONHOC( MAMONHOC, MANHOMHP, TENMONHOC, HINHTHUCDAOTAO, GIATIEN) values ('MH 701','NHP 007', 'Đào tạo chứng chỉ A', N'Đào tạo chứng chỉ', 1500000);
insert into MONHOC( MAMONHOC, MANHOMHP, TENMONHOC, HINHTHUCDAOTAO, GIATIEN) values ('MH 702','NHP 007', 'Đào tạo CC A NC', N'Đào tạo chứng chỉ', 1500000);
insert into MONHOC( MAMONHOC, MANHOMHP, TENMONHOC, HINHTHUCDAOTAO, GIATIEN) values ('MH 801','NHP 008', '', N'Đào tạo chứng chỉ B', 1500000);
insert into MONHOC( MAMONHOC, MANHOMHP, TENMONHOC, HINHTHUCDAOTAO, GIATIEN) values ('MH 802','NHP 008', '', N'Đào tạo cc B NC', 1500000);


insert into LOPHOCPHAN( MALOPHP, MAMONHOC, TENLOPHP, MAGV, SISO, THOIGIANHOC) values('LHP 101', 'MH 101', 'Lớp PTTK', 'GV 06', 15, CAST(N'2021-06-08' AS Date));
insert into LOPHOCPHAN( MALOPHP, MAMONHOC, TENLOPHP, MAGV, SISO, THOIGIANHOC) values('LHP 102', 'MH 102', 'Lớp ATBM', 'GV 06', 15, CAST(N'2021-06-08' AS Date));
insert into LOPHOCPHAN( MALOPHP, MAMONHOC, TENLOPHP, MAGV, SISO, THOIGIANHOC) values('LHP 103', 'MH 103', 'Lớp HQT', 'GV 06', 15, CAST(N'2021-06-08' AS Date));
insert into LOPHOCPHAN( MALOPHP, MAMONHOC, TENLOPHP, MAGV, SISO, THOIGIANHOC) values('LHP 201', 'MH 201', 'Lớp TKPM', 'GV 07', 20, CAST(N'2021-06-08' AS Date));
insert into LOPHOCPHAN( MALOPHP, MAMONHOC, TENLOPHP, MAGV, SISO, THOIGIANHOC) values('LHP 202', 'MH 202', 'Lớp NMCNPM', 'GV 08', 20, CAST(N'2021-06-08' AS Date));
insert into LOPHOCPHAN( MALOPHP, MAMONHOC, TENLOPHP, MAGV, SISO, THOIGIANHOC) values('LHP 301', 'MH 301', 'Lớp TKM', 'GV 09', 18, CAST(N'2021-06-08' AS Date));
insert into LOPHOCPHAN( MALOPHP, MAMONHOC, TENLOPHP, MAGV, SISO, THOIGIANHOC) values('LHP 302', 'MH 302', 'Lớp ANMT', 'GV 10', 18, CAST(N'2021-06-08' AS Date));
insert into LOPHOCPHAN( MALOPHP, MAMONHOC, TENLOPHP, MAGV, SISO, THOIGIANHOC) values('LHP 401', 'MH 401', 'Lớp NM KHMT', 'GV 11', 16, CAST(N'2021-06-08' AS Date));
insert into LOPHOCPHAN( MALOPHP, MAMONHOC, TENLOPHP, MAGV, SISO, THOIGIANHOC) values('LHP 402', 'MH 402', 'Lớp Lập trình KHDL', 'GV 12', 16, CAST(N'2021-06-08' AS Date));
insert into LOPHOCPHAN( MALOPHP, MAMONHOC, TENLOPHP, MAGV, SISO, THOIGIANHOC) values('LHP 501', 'MH 501', 'Lớp NM CNTT', 'GV 13', 15, CAST(N'2021-06-08' AS Date));
insert into LOPHOCPHAN( MALOPHP, MAMONHOC, TENLOPHP, MAGV, SISO, THOIGIANHOC) values('LHP 502', 'MH 502', 'Lớp hệ cơ sở tri thức', 'GV 14', 15, CAST(N'2021-06-08' AS Date));
insert into LOPHOCPHAN( MALOPHP, MAMONHOC, TENLOPHP, MAGV, SISO, THOIGIANHOC) values('LHP 601', 'MH 601', 'Lớp NM TGMT', 'GV 15', 15, CAST(N'2021-06-08' AS Date));
insert into LOPHOCPHAN( MALOPHP, MAMONHOC, TENLOPHP, MAGV, SISO, THOIGIANHOC) values('LHP 602', 'MH 602', 'Lớp truy vấn TTTG', 'GV 16', 15, CAST(N'2021-06-08' AS Date));
insert into LOPHOCPHAN( MALOPHP, MAMONHOC, TENLOPHP, MAGV, SISO, THOIGIANHOC) values('LHP 701', 'MH 701', 'Lớp CC A', 'GV 17', 14, CAST(N'2021-06-08' AS Date));
insert into LOPHOCPHAN( MALOPHP, MAMONHOC, TENLOPHP, MAGV, SISO, THOIGIANHOC) values('LHP 702', 'MH 702', 'Lớp CC A nâng cao', 'GV 18', 14, CAST(N'2021-06-08' AS Date));
insert into LOPHOCPHAN( MALOPHP, MAMONHOC, TENLOPHP, MAGV, SISO, THOIGIANHOC) values('LHP 801', 'MH 801', 'Lớp CC B', 'GV 19', 15, CAST(N'2021-06-08' AS Date));
insert into LOPHOCPHAN( MALOPHP, MAMONHOC, TENLOPHP, MAGV, SISO, THOIGIANHOC) values('LHP 802', 'MH 802', 'Lớp VV B nâng cao ', 'GV 20', 15, CAST(N'2021-06-08' AS Date));

insert into LICHTHI( MALICHTHI, PHONGTHI, THOIGIANTHI, MANV, MALOPHP) values ('LT 101', 'F101', CAST(N'2021-08-22' AS Date), 'NV 01', 'LHP 101');
insert into LICHTHI( MALICHTHI, PHONGTHI, THOIGIANTHI, MANV, MALOPHP) values ('LT 102', 'F102', CAST(N'2021-08-23' AS Date), 'NV 01', 'LHP 102');
insert into LICHTHI( MALICHTHI, PHONGTHI, THOIGIANTHI, MANV, MALOPHP) values ('LT 103', 'F103', CAST(N'2021-08-24' AS Date), 'NV 01', 'LHP 103');
insert into LICHTHI( MALICHTHI, PHONGTHI, THOIGIANTHI, MANV, MALOPHP) values ('LT 201', 'E101', CAST(N'2021-08-25' AS Date), 'NV 01', 'LHP 201');
insert into LICHTHI( MALICHTHI, PHONGTHI, THOIGIANTHI, MANV, MALOPHP) values ('LT 202', 'E102', CAST(N'2021-08-26' AS Date), 'NV 01', 'LHP 202');
insert into LICHTHI( MALICHTHI, PHONGTHI, THOIGIANTHI, MANV, MALOPHP) values ('LT 301', 'F301', CAST(N'2021-08-27' AS Date), 'NV 01', 'LHP 301');
insert into LICHTHI( MALICHTHI, PHONGTHI, THOIGIANTHI, MANV, MALOPHP) values ('LT 302', 'F302', CAST(N'2021-08-28' AS Date), 'NV 01', 'LHP 302');
insert into LICHTHI( MALICHTHI, PHONGTHI, THOIGIANTHI, MANV, MALOPHP) values ('LT 401', 'E201', CAST(N'2021-08-29' AS Date), 'NV 01', 'LHP 401');
insert into LICHTHI( MALICHTHI, PHONGTHI, THOIGIANTHI, MANV, MALOPHP) values ('LT 402', 'E202', CAST(N'2021-09-01' AS Date), 'NV 01', 'LHP 402');
insert into LICHTHI( MALICHTHI, PHONGTHI, THOIGIANTHI, MANV, MALOPHP) values ('LT 501', 'E203', CAST(N'2021-09-02' AS Date), 'NV 02', 'LHP 501');
insert into LICHTHI( MALICHTHI, PHONGTHI, THOIGIANTHI, MANV, MALOPHP) values ('LT 502', 'E204', CAST(N'2021-09-03' AS Date), 'NV 02', 'LHP 502');
insert into LICHTHI( MALICHTHI, PHONGTHI, THOIGIANTHI, MANV, MALOPHP) values ('LT 601', 'F205', CAST(N'2021-09-04' AS Date), 'NV 02', 'LHP 601');
insert into LICHTHI( MALICHTHI, PHONGTHI, THOIGIANTHI, MANV, MALOPHP) values ('LT 602', 'E206', CAST(N'2021-09-05' AS Date), 'NV 02', 'LHP 602');
insert into LICHTHI( MALICHTHI, PHONGTHI, THOIGIANTHI, MANV, MALOPHP) values ('LT 701', 'G101', CAST(N'2021-09-06' AS Date), 'NV 03', 'LHP 701');
insert into LICHTHI( MALICHTHI, PHONGTHI, THOIGIANTHI, MANV, MALOPHP) values ('LT 702', 'G102', CAST(N'2021-09-07' AS Date), 'NV 03', 'LHP 702');
insert into LICHTHI( MALICHTHI, PHONGTHI, THOIGIANTHI, MANV, MALOPHP) values ('LT 801', 'G103', CAST(N'2021-09-08' AS Date), 'NV 03', 'LHP 801');
insert into LICHTHI( MALICHTHI, PHONGTHI, THOIGIANTHI, MANV, MALOPHP) values ('LT 802', 'G104', CAST(N'2021-09-09' AS Date), 'NV 03', 'LHP 802');


insert into DKCHUYENDE(MAHV, MALOPCD, THOIGIANDK) values('HV001', 'LOP 101', CAST(N'2021-06-01' AS Date));
insert into DKCHUYENDE(MAHV, MALOPCD, THOIGIANDK) values('HV001', 'LOP 102', CAST(N'2021-06-01' AS Date));
insert into DKCHUYENDE(MAHV, MALOPCD, THOIGIANDK) values('HV001', 'LOP 103', CAST(N'2021-06-01' AS Date));
insert into DKCHUYENDE(MAHV, MALOPCD, THOIGIANDK) values('HV001', 'LOP 201', CAST(N'2021-06-01' AS Date));
insert into DKCHUYENDE(MAHV, MALOPCD, THOIGIANDK) values('HV001', 'LOP 202', CAST(N'2021-06-01' AS Date));
insert into DKCHUYENDE(MAHV, MALOPCD, THOIGIANDK) values('HV001', 'LOP 203', CAST(N'2021-06-01' AS Date));
insert into DKCHUYENDE(MAHV, MALOPCD, THOIGIANDK) values('HV002', 'LOP 301', CAST(N'2021-06-01' AS Date));
insert into DKCHUYENDE(MAHV, MALOPCD, THOIGIANDK) values('HV002', 'LOP 302', CAST(N'2021-06-01' AS Date));
insert into DKCHUYENDE(MAHV, MALOPCD, THOIGIANDK) values('HV002', 'LOP 303', CAST(N'2021-06-01' AS Date));
insert into DKCHUYENDE(MAHV, MALOPCD, THOIGIANDK) values('HV002', 'LOP 401', CAST(N'2021-06-01' AS Date));
insert into DKCHUYENDE(MAHV, MALOPCD, THOIGIANDK) values('HV002', 'LOP 402', CAST(N'2021-06-01' AS Date));
insert into DKCHUYENDE(MAHV, MALOPCD, THOIGIANDK) values('HV002', 'LOP 403', CAST(N'2021-06-01' AS Date));
insert into DKCHUYENDE(MAHV, MALOPCD, THOIGIANDK) values('HV003', 'LOP 501', CAST(N'2021-06-01' AS Date));
insert into DKCHUYENDE(MAHV, MALOPCD, THOIGIANDK) values('HV003', 'LOP 502', CAST(N'2021-06-01' AS Date));
insert into DKCHUYENDE(MAHV, MALOPCD, THOIGIANDK) values('HV003', 'LOP 503', CAST(N'2021-06-01' AS Date));
insert into DKCHUYENDE(MAHV, MALOPCD, THOIGIANDK) values('HV003', 'LOP 101', CAST(N'2021-06-01' AS Date));
insert into DKCHUYENDE(MAHV, MALOPCD, THOIGIANDK) values('HV003', 'LOP 102', CAST(N'2021-06-01' AS Date));
insert into DKCHUYENDE(MAHV, MALOPCD, THOIGIANDK) values('HV003', 'LOP 103', CAST(N'2021-06-01' AS Date));
insert into DKCHUYENDE(MAHV, MALOPCD, THOIGIANDK) values('HV004', 'LOP 201', CAST(N'2021-06-01' AS Date));
insert into DKCHUYENDE(MAHV, MALOPCD, THOIGIANDK) values('HV004', 'LOP 202', CAST(N'2021-06-01' AS Date));
insert into DKCHUYENDE(MAHV, MALOPCD, THOIGIANDK) values('HV004', 'LOP 203', CAST(N'2021-06-01' AS Date));
insert into DKCHUYENDE(MAHV, MALOPCD, THOIGIANDK) values('HV004', 'LOP 301', CAST(N'2021-06-01' AS Date));
insert into DKCHUYENDE(MAHV, MALOPCD, THOIGIANDK) values('HV004', 'LOP 302', CAST(N'2021-06-01' AS Date));
insert into DKCHUYENDE(MAHV, MALOPCD, THOIGIANDK) values('HV004', 'LOP 303', CAST(N'2021-06-01' AS Date));
insert into DKCHUYENDE(MAHV, MALOPCD, THOIGIANDK) values('HV005', 'LOP 401', CAST(N'2021-06-01' AS Date));
insert into DKCHUYENDE(MAHV, MALOPCD, THOIGIANDK) values('HV005', 'LOP 402', CAST(N'2021-06-01' AS Date));
insert into DKCHUYENDE(MAHV, MALOPCD, THOIGIANDK) values('HV005', 'LOP 403', CAST(N'2021-06-01' AS Date));
insert into DKCHUYENDE(MAHV, MALOPCD, THOIGIANDK) values('HV005', 'LOP 501', CAST(N'2021-06-01' AS Date));
insert into DKCHUYENDE(MAHV, MALOPCD, THOIGIANDK) values('HV005', 'LOP 502', CAST(N'2021-06-01' AS Date));
insert into DKCHUYENDE(MAHV, MALOPCD, THOIGIANDK) values('HV005', 'LOP 503', CAST(N'2021-06-01' AS Date));
insert into DKCHUYENDE(MAHV, MALOPCD, THOIGIANDK) values('HV006', 'LOP 101', CAST(N'2021-06-01' AS Date));
insert into DKCHUYENDE(MAHV, MALOPCD, THOIGIANDK) values('HV006', 'LOP 102', CAST(N'2021-06-01' AS Date));
insert into DKCHUYENDE(MAHV, MALOPCD, THOIGIANDK) values('HV006', 'LOP 103', CAST(N'2021-06-01' AS Date));
insert into DKCHUYENDE(MAHV, MALOPCD, THOIGIANDK) values('HV006', 'LOP 201', CAST(N'2021-06-01' AS Date));
insert into DKCHUYENDE(MAHV, MALOPCD, THOIGIANDK) values('HV006', 'LOP 202', CAST(N'2021-06-01' AS Date));
insert into DKCHUYENDE(MAHV, MALOPCD, THOIGIANDK) values('HV006', 'LOP 203', CAST(N'2021-06-01' AS Date));
insert into DKCHUYENDE(MAHV, MALOPCD, THOIGIANDK) values('HV007', 'LOP 301', CAST(N'2021-06-01' AS Date));
insert into DKCHUYENDE(MAHV, MALOPCD, THOIGIANDK) values('HV007', 'LOP 302', CAST(N'2021-06-01' AS Date));
insert into DKCHUYENDE(MAHV, MALOPCD, THOIGIANDK) values('HV007', 'LOP 303', CAST(N'2021-06-01' AS Date));
insert into DKCHUYENDE(MAHV, MALOPCD, THOIGIANDK) values('HV007', 'LOP 401', CAST(N'2021-06-01' AS Date));
insert into DKCHUYENDE(MAHV, MALOPCD, THOIGIANDK) values('HV007', 'LOP 402', CAST(N'2021-06-01' AS Date));
insert into DKCHUYENDE(MAHV, MALOPCD, THOIGIANDK) values('HV007', 'LOP 403', CAST(N'2021-06-01' AS Date));
insert into DKCHUYENDE(MAHV, MALOPCD, THOIGIANDK) values('HV008', 'LOP 501', CAST(N'2021-06-01' AS Date));
insert into DKCHUYENDE(MAHV, MALOPCD, THOIGIANDK) values('HV008', 'LOP 502', CAST(N'2021-06-01' AS Date));
insert into DKCHUYENDE(MAHV, MALOPCD, THOIGIANDK) values('HV008', 'LOP 503', CAST(N'2021-06-01' AS Date));
insert into DKCHUYENDE(MAHV, MALOPCD, THOIGIANDK) values('HV008', 'LOP 101', CAST(N'2021-06-01' AS Date));
insert into DKCHUYENDE(MAHV, MALOPCD, THOIGIANDK) values('HV008', 'LOP 102', CAST(N'2021-06-01' AS Date));
insert into DKCHUYENDE(MAHV, MALOPCD, THOIGIANDK) values('HV008', 'LOP 103', CAST(N'2021-06-01' AS Date));
insert into DKCHUYENDE(MAHV, MALOPCD, THOIGIANDK) values('HV009', 'LOP 201', CAST(N'2021-06-01' AS Date));
insert into DKCHUYENDE(MAHV, MALOPCD, THOIGIANDK) values('HV009', 'LOP 202', CAST(N'2021-06-01' AS Date));
insert into DKCHUYENDE(MAHV, MALOPCD, THOIGIANDK) values('HV009', 'LOP 203', CAST(N'2021-06-01' AS Date));
insert into DKCHUYENDE(MAHV, MALOPCD, THOIGIANDK) values('HV009', 'LOP 301', CAST(N'2021-06-01' AS Date));
insert into DKCHUYENDE(MAHV, MALOPCD, THOIGIANDK) values('HV009', 'LOP 302', CAST(N'2021-06-01' AS Date));
insert into DKCHUYENDE(MAHV, MALOPCD, THOIGIANDK) values('HV009', 'LOP 303', CAST(N'2021-06-01' AS Date));
insert into DKCHUYENDE(MAHV, MALOPCD, THOIGIANDK) values('HV010', 'LOP 401', CAST(N'2021-06-01' AS Date));
insert into DKCHUYENDE(MAHV, MALOPCD, THOIGIANDK) values('HV010', 'LOP 402', CAST(N'2021-06-01' AS Date));
insert into DKCHUYENDE(MAHV, MALOPCD, THOIGIANDK) values('HV010', 'LOP 403', CAST(N'2021-06-01' AS Date));
insert into DKCHUYENDE(MAHV, MALOPCD, THOIGIANDK) values('HV010', 'LOP 501', CAST(N'2021-06-01' AS Date));
insert into DKCHUYENDE(MAHV, MALOPCD, THOIGIANDK) values('HV010', 'LOP 502', CAST(N'2021-06-01' AS Date));
insert into DKCHUYENDE(MAHV, MALOPCD, THOIGIANDK) values('HV010', 'LOP 503', CAST(N'2021-06-01' AS Date));
insert into DKCHUYENDE(MAHV, MALOPCD, THOIGIANDK) values('HV011', 'LOP 101', CAST(N'2021-06-01' AS Date));
insert into DKCHUYENDE(MAHV, MALOPCD, THOIGIANDK) values('HV011', 'LOP 102', CAST(N'2021-06-01' AS Date));
insert into DKCHUYENDE(MAHV, MALOPCD, THOIGIANDK) values('HV011', 'LOP 103', CAST(N'2021-06-01' AS Date));
insert into DKCHUYENDE(MAHV, MALOPCD, THOIGIANDK) values('HV012', 'LOP 201', CAST(N'2021-06-01' AS Date));
insert into DKCHUYENDE(MAHV, MALOPCD, THOIGIANDK) values('HV012', 'LOP 202', CAST(N'2021-06-01' AS Date));
insert into DKCHUYENDE(MAHV, MALOPCD, THOIGIANDK) values('HV012', 'LOP 203', CAST(N'2021-06-01' AS Date));
insert into DKCHUYENDE(MAHV, MALOPCD, THOIGIANDK) values('HV013', 'LOP 301', CAST(N'2021-06-01' AS Date));
insert into DKCHUYENDE(MAHV, MALOPCD, THOIGIANDK) values('HV013', 'LOP 302', CAST(N'2021-06-01' AS Date));
insert into DKCHUYENDE(MAHV, MALOPCD, THOIGIANDK) values('HV013', 'LOP 303', CAST(N'2021-06-01' AS Date));
insert into DKCHUYENDE(MAHV, MALOPCD, THOIGIANDK) values('HV014', 'LOP 401', CAST(N'2021-06-01' AS Date));
insert into DKCHUYENDE(MAHV, MALOPCD, THOIGIANDK) values('HV014', 'LOP 402', CAST(N'2021-06-01' AS Date));
insert into DKCHUYENDE(MAHV, MALOPCD, THOIGIANDK) values('HV014', 'LOP 403', CAST(N'2021-06-01' AS Date));
insert into DKCHUYENDE(MAHV, MALOPCD, THOIGIANDK) values('HV015', 'LOP 501', CAST(N'2021-06-01' AS Date));
insert into DKCHUYENDE(MAHV, MALOPCD, THOIGIANDK) values('HV015', 'LOP 502', CAST(N'2021-06-01' AS Date));
insert into DKCHUYENDE(MAHV, MALOPCD, THOIGIANDK) values('HV015', 'LOP 503', CAST(N'2021-06-01' AS Date));
insert into DKCHUYENDE(MAHV, MALOPCD, THOIGIANDK) values('HV016', 'LOP 101', CAST(N'2021-06-01' AS Date));
insert into DKCHUYENDE(MAHV, MALOPCD, THOIGIANDK) values('HV016', 'LOP 102', CAST(N'2021-06-01' AS Date));
insert into DKCHUYENDE(MAHV, MALOPCD, THOIGIANDK) values('HV016', 'LOP 103', CAST(N'2021-06-01' AS Date));
insert into DKCHUYENDE(MAHV, MALOPCD, THOIGIANDK) values('HV017', 'LOP 201', CAST(N'2021-06-01' AS Date));
insert into DKCHUYENDE(MAHV, MALOPCD, THOIGIANDK) values('HV017', 'LOP 202', CAST(N'2021-06-01' AS Date));
insert into DKCHUYENDE(MAHV, MALOPCD, THOIGIANDK) values('HV017', 'LOP 203', CAST(N'2021-06-01' AS Date));
insert into DKCHUYENDE(MAHV, MALOPCD, THOIGIANDK) values('HV018', 'LOP 301', CAST(N'2021-06-01' AS Date));
insert into DKCHUYENDE(MAHV, MALOPCD, THOIGIANDK) values('HV018', 'LOP 302', CAST(N'2021-06-01' AS Date));
insert into DKCHUYENDE(MAHV, MALOPCD, THOIGIANDK) values('HV018', 'LOP 303', CAST(N'2021-06-01' AS Date));
insert into DKCHUYENDE(MAHV, MALOPCD, THOIGIANDK) values('HV019', 'LOP 401', CAST(N'2021-06-01' AS Date));
insert into DKCHUYENDE(MAHV, MALOPCD, THOIGIANDK) values('HV019', 'LOP 402', CAST(N'2021-06-01' AS Date));
insert into DKCHUYENDE(MAHV, MALOPCD, THOIGIANDK) values('HV019', 'LOP 403', CAST(N'2021-06-01' AS Date));
insert into DKCHUYENDE(MAHV, MALOPCD, THOIGIANDK) values('HV020', 'LOP 501', CAST(N'2021-06-01' AS Date));
insert into DKCHUYENDE(MAHV, MALOPCD, THOIGIANDK) values('HV020', 'LOP 502', CAST(N'2021-06-01' AS Date));
insert into DKCHUYENDE(MAHV, MALOPCD, THOIGIANDK) values('HV020', 'LOP 503', CAST(N'2021-06-01' AS Date));


insert into DKHP(MAHV, MALOPHP, THOIGIANDK) values('HV021', 'LHP 101', CAST(N'2021-06-01' AS Date));
insert into DKHP(MAHV, MALOPHP, THOIGIANDK) values('HV021', 'LHP 102', CAST(N'2021-06-01' AS Date));
insert into DKHP(MAHV, MALOPHP, THOIGIANDK) values('HV021', 'LHP 103', CAST(N'2021-06-01' AS Date));
insert into DKHP(MAHV, MALOPHP, THOIGIANDK) values('HV022', 'LHP 201', CAST(N'2021-06-01' AS Date));
insert into DKHP(MAHV, MALOPHP, THOIGIANDK) values('HV022', 'LHP 202', CAST(N'2021-06-01' AS Date));
insert into DKHP(MAHV, MALOPHP, THOIGIANDK) values('HV023', 'LHP 301', CAST(N'2021-06-01' AS Date));
insert into DKHP(MAHV, MALOPHP, THOIGIANDK) values('HV023', 'LHP 302', CAST(N'2021-06-01' AS Date));
insert into DKHP(MAHV, MALOPHP, THOIGIANDK) values('HV024', 'LHP 401', CAST(N'2021-06-01' AS Date));
insert into DKHP(MAHV, MALOPHP, THOIGIANDK) values('HV024', 'LHP 402', CAST(N'2021-06-01' AS Date));
insert into DKHP(MAHV, MALOPHP, THOIGIANDK) values('HV025', 'LHP 501', CAST(N'2021-06-01' AS Date));
insert into DKHP(MAHV, MALOPHP, THOIGIANDK) values('HV025', 'LHP 502', CAST(N'2021-06-01' AS Date));
insert into DKHP(MAHV, MALOPHP, THOIGIANDK) values('HV026', 'LHP 601', CAST(N'2021-06-01' AS Date));
insert into DKHP(MAHV, MALOPHP, THOIGIANDK) values('HV026', 'LHP 602', CAST(N'2021-06-01' AS Date));
insert into DKHP(MAHV, MALOPHP, THOIGIANDK) values('HV027', 'LHP 101', CAST(N'2021-06-01' AS Date));
insert into DKHP(MAHV, MALOPHP, THOIGIANDK) values('HV027', 'LHP 102', CAST(N'2021-06-01' AS Date));
insert into DKHP(MAHV, MALOPHP, THOIGIANDK) values('HV027', 'LHP 103', CAST(N'2021-06-01' AS Date));
insert into DKHP(MAHV, MALOPHP, THOIGIANDK) values('HV028', 'LHP 201', CAST(N'2021-06-01' AS Date));
insert into DKHP(MAHV, MALOPHP, THOIGIANDK) values('HV028', 'LHP 202', CAST(N'2021-06-01' AS Date));
insert into DKHP(MAHV, MALOPHP, THOIGIANDK) values('HV029', 'LHP 301', CAST(N'2021-06-01' AS Date));
insert into DKHP(MAHV, MALOPHP, THOIGIANDK) values('HV029', 'LHP 302', CAST(N'2021-06-01' AS Date));
insert into DKHP(MAHV, MALOPHP, THOIGIANDK) values('HV030', 'LHP 401', CAST(N'2021-06-01' AS Date));
insert into DKHP(MAHV, MALOPHP, THOIGIANDK) values('HV030', 'LHP 402', CAST(N'2021-06-01' AS Date));
insert into DKHP(MAHV, MALOPHP, THOIGIANDK) values('HV031', 'LHP 501', CAST(N'2021-06-01' AS Date));
insert into DKHP(MAHV, MALOPHP, THOIGIANDK) values('HV031', 'LHP 502', CAST(N'2021-06-01' AS Date));
insert into DKHP(MAHV, MALOPHP, THOIGIANDK) values('HV032', 'LHP 601', CAST(N'2021-06-01' AS Date));
insert into DKHP(MAHV, MALOPHP, THOIGIANDK) values('HV032', 'LHP 602', CAST(N'2021-06-01' AS Date));
insert into DKHP(MAHV, MALOPHP, THOIGIANDK) values('HV033', 'LHP 101', CAST(N'2021-06-01' AS Date));
insert into DKHP(MAHV, MALOPHP, THOIGIANDK) values('HV033', 'LHP 102', CAST(N'2021-06-01' AS Date));
insert into DKHP(MAHV, MALOPHP, THOIGIANDK) values('HV033', 'LHP 103', CAST(N'2021-06-01' AS Date));
insert into DKHP(MAHV, MALOPHP, THOIGIANDK) values('HV034', 'LHP 201', CAST(N'2021-06-01' AS Date));
insert into DKHP(MAHV, MALOPHP, THOIGIANDK) values('HV034', 'LHP 202', CAST(N'2021-06-01' AS Date));
insert into DKHP(MAHV, MALOPHP, THOIGIANDK) values('HV035', 'LHP 301', CAST(N'2021-06-01' AS Date));
insert into DKHP(MAHV, MALOPHP, THOIGIANDK) values('HV035', 'LHP 302', CAST(N'2021-06-01' AS Date));
insert into DKHP(MAHV, MALOPHP, THOIGIANDK) values('HV036', 'LHP 401', CAST(N'2021-06-01' AS Date));
insert into DKHP(MAHV, MALOPHP, THOIGIANDK) values('HV036', 'LHP 402', CAST(N'2021-06-01' AS Date));
insert into DKHP(MAHV, MALOPHP, THOIGIANDK) values('HV037', 'LHP 501', CAST(N'2021-06-01' AS Date));
insert into DKHP(MAHV, MALOPHP, THOIGIANDK) values('HV037', 'LHP 502', CAST(N'2021-06-01' AS Date));
insert into DKHP(MAHV, MALOPHP, THOIGIANDK) values('HV038', 'LHP 601', CAST(N'2021-06-01' AS Date));
insert into DKHP(MAHV, MALOPHP, THOIGIANDK) values('HV038', 'LHP 602', CAST(N'2021-06-01' AS Date));
insert into DKHP(MAHV, MALOPHP, THOIGIANDK) values('HV039', 'LHP 101', CAST(N'2021-06-01' AS Date));
insert into DKHP(MAHV, MALOPHP, THOIGIANDK) values('HV039', 'LHP 102', CAST(N'2021-06-01' AS Date));
insert into DKHP(MAHV, MALOPHP, THOIGIANDK) values('HV039', 'LHP 103', CAST(N'2021-06-01' AS Date));
insert into DKHP(MAHV, MALOPHP, THOIGIANDK) values('HV040', 'LHP 201', CAST(N'2021-06-01' AS Date));
insert into DKHP(MAHV, MALOPHP, THOIGIANDK) values('HV040', 'LHP 202', CAST(N'2021-06-01' AS Date));
insert into DKHP(MAHV, MALOPHP, THOIGIANDK) values('HV041', 'LHP 301', CAST(N'2021-06-01' AS Date));
insert into DKHP(MAHV, MALOPHP, THOIGIANDK) values('HV041', 'LHP 302', CAST(N'2021-06-01' AS Date));
insert into DKHP(MAHV, MALOPHP, THOIGIANDK) values('HV042', 'LHP 401', CAST(N'2021-06-01' AS Date));
insert into DKHP(MAHV, MALOPHP, THOIGIANDK) values('HV042', 'LHP 402', CAST(N'2021-06-01' AS Date));
insert into DKHP(MAHV, MALOPHP, THOIGIANDK) values('HV043', 'LHP 501', CAST(N'2021-06-01' AS Date));
insert into DKHP(MAHV, MALOPHP, THOIGIANDK) values('HV043', 'LHP 502', CAST(N'2021-06-01' AS Date));
insert into DKHP(MAHV, MALOPHP, THOIGIANDK) values('HV044', 'LHP 601', CAST(N'2021-06-01' AS Date));
insert into DKHP(MAHV, MALOPHP, THOIGIANDK) values('HV044', 'LHP 602', CAST(N'2021-06-01' AS Date));
insert into DKHP(MAHV, MALOPHP, THOIGIANDK) values('HV045', 'LHP 101', CAST(N'2021-06-01' AS Date));
insert into DKHP(MAHV, MALOPHP, THOIGIANDK) values('HV045', 'LHP 102', CAST(N'2021-06-01' AS Date));
insert into DKHP(MAHV, MALOPHP, THOIGIANDK) values('HV045', 'LHP 103', CAST(N'2021-06-01' AS Date));
insert into DKHP(MAHV, MALOPHP, THOIGIANDK) values('HV046', 'LHP 201', CAST(N'2021-06-01' AS Date));
insert into DKHP(MAHV, MALOPHP, THOIGIANDK) values('HV046', 'LHP 202', CAST(N'2021-06-01' AS Date));
insert into DKHP(MAHV, MALOPHP, THOIGIANDK) values('HV047', 'LHP 301', CAST(N'2021-06-01' AS Date));
insert into DKHP(MAHV, MALOPHP, THOIGIANDK) values('HV047', 'LHP 302', CAST(N'2021-06-01' AS Date));
insert into DKHP(MAHV, MALOPHP, THOIGIANDK) values('HV048', 'LHP 401', CAST(N'2021-06-01' AS Date));
insert into DKHP(MAHV, MALOPHP, THOIGIANDK) values('HV048', 'LHP 402', CAST(N'2021-06-01' AS Date));
insert into DKHP(MAHV, MALOPHP, THOIGIANDK) values('HV049', 'LHP 501', CAST(N'2021-06-01' AS Date));
insert into DKHP(MAHV, MALOPHP, THOIGIANDK) values('HV049', 'LHP 502', CAST(N'2021-06-01' AS Date));
insert into DKHP(MAHV, MALOPHP, THOIGIANDK) values('HV050', 'LHP 601', CAST(N'2021-06-01' AS Date));
insert into DKHP(MAHV, MALOPHP, THOIGIANDK) values('HV050', 'LHP 602', CAST(N'2021-06-01' AS Date));
insert into DKHP(MAHV, MALOPHP, THOIGIANDK) values('HV051', 'LHP 101', CAST(N'2021-06-01' AS Date));
insert into DKHP(MAHV, MALOPHP, THOIGIANDK) values('HV051', 'LHP 102', CAST(N'2021-06-01' AS Date));
insert into DKHP(MAHV, MALOPHP, THOIGIANDK) values('HV051', 'LHP 103', CAST(N'2021-06-01' AS Date));
insert into DKHP(MAHV, MALOPHP, THOIGIANDK) values('HV052', 'LHP 201', CAST(N'2021-06-01' AS Date));
insert into DKHP(MAHV, MALOPHP, THOIGIANDK) values('HV052', 'LHP 202', CAST(N'2021-06-01' AS Date));
insert into DKHP(MAHV, MALOPHP, THOIGIANDK) values('HV053', 'LHP 301', CAST(N'2021-06-01' AS Date));
insert into DKHP(MAHV, MALOPHP, THOIGIANDK) values('HV053', 'LHP 302', CAST(N'2021-06-01' AS Date));
insert into DKHP(MAHV, MALOPHP, THOIGIANDK) values('HV054', 'LHP 401', CAST(N'2021-06-01' AS Date));
insert into DKHP(MAHV, MALOPHP, THOIGIANDK) values('HV054', 'LHP 402', CAST(N'2021-06-01' AS Date));
insert into DKHP(MAHV, MALOPHP, THOIGIANDK) values('HV055', 'LHP 501', CAST(N'2021-06-01' AS Date));
insert into DKHP(MAHV, MALOPHP, THOIGIANDK) values('HV055', 'LHP 502', CAST(N'2021-06-01' AS Date));
insert into DKHP(MAHV, MALOPHP, THOIGIANDK) values('HV056', 'LHP 601', CAST(N'2021-06-01' AS Date));
insert into DKHP(MAHV, MALOPHP, THOIGIANDK) values('HV056', 'LHP 602', CAST(N'2021-06-01' AS Date));
insert into DKHP(MAHV, MALOPHP, THOIGIANDK) values('HV057', 'LHP 101', CAST(N'2021-06-01' AS Date));
insert into DKHP(MAHV, MALOPHP, THOIGIANDK) values('HV057', 'LHP 102', CAST(N'2021-06-01' AS Date));
insert into DKHP(MAHV, MALOPHP, THOIGIANDK) values('HV057', 'LHP 103', CAST(N'2021-06-01' AS Date));
insert into DKHP(MAHV, MALOPHP, THOIGIANDK) values('HV058', 'LHP 201', CAST(N'2021-06-01' AS Date));
insert into DKHP(MAHV, MALOPHP, THOIGIANDK) values('HV058', 'LHP 202', CAST(N'2021-06-01' AS Date));
insert into DKHP(MAHV, MALOPHP, THOIGIANDK) values('HV059', 'LHP 301', CAST(N'2021-06-01' AS Date));
insert into DKHP(MAHV, MALOPHP, THOIGIANDK) values('HV059', 'LHP 302', CAST(N'2021-06-01' AS Date));
insert into DKHP(MAHV, MALOPHP, THOIGIANDK) values('HV060', 'LHP 401', CAST(N'2021-06-01' AS Date));
insert into DKHP(MAHV, MALOPHP, THOIGIANDK) values('HV060', 'LHP 402', CAST(N'2021-06-01' AS Date));

insert into DKHP(MAHV, MALOPHP, THOIGIANDK) values('HV061', 'LHP 701', CAST(N'2021-06-01' AS Date));
insert into DKHP(MAHV, MALOPHP, THOIGIANDK) values('HV061', 'LHP 702', CAST(N'2021-06-01' AS Date));
insert into DKHP(MAHV, MALOPHP, THOIGIANDK) values('HV062', 'LHP 701', CAST(N'2021-06-01' AS Date));
insert into DKHP(MAHV, MALOPHP, THOIGIANDK) values('HV062', 'LHP 702', CAST(N'2021-06-01' AS Date));
insert into DKHP(MAHV, MALOPHP, THOIGIANDK) values('HV063', 'LHP 701', CAST(N'2021-06-01' AS Date));
insert into DKHP(MAHV, MALOPHP, THOIGIANDK) values('HV063', 'LHP 702', CAST(N'2021-06-01' AS Date));
insert into DKHP(MAHV, MALOPHP, THOIGIANDK) values('HV064', 'LHP 701', CAST(N'2021-06-01' AS Date));
insert into DKHP(MAHV, MALOPHP, THOIGIANDK) values('HV064', 'LHP 702', CAST(N'2021-06-01' AS Date));
insert into DKHP(MAHV, MALOPHP, THOIGIANDK) values('HV065', 'LHP 701', CAST(N'2021-06-01' AS Date));
insert into DKHP(MAHV, MALOPHP, THOIGIANDK) values('HV065', 'LHP 702', CAST(N'2021-06-01' AS Date));
insert into DKHP(MAHV, MALOPHP, THOIGIANDK) values('HV066', 'LHP 701', CAST(N'2021-06-01' AS Date));
insert into DKHP(MAHV, MALOPHP, THOIGIANDK) values('HV066', 'LHP 702', CAST(N'2021-06-01' AS Date));
insert into DKHP(MAHV, MALOPHP, THOIGIANDK) values('HV067', 'LHP 701', CAST(N'2021-06-01' AS Date));
insert into DKHP(MAHV, MALOPHP, THOIGIANDK) values('HV067', 'LHP 702', CAST(N'2021-06-01' AS Date));
insert into DKHP(MAHV, MALOPHP, THOIGIANDK) values('HV068', 'LHP 701', CAST(N'2021-06-01' AS Date));
insert into DKHP(MAHV, MALOPHP, THOIGIANDK) values('HV068', 'LHP 702', CAST(N'2021-06-01' AS Date));
insert into DKHP(MAHV, MALOPHP, THOIGIANDK) values('HV069', 'LHP 701', CAST(N'2021-06-01' AS Date));
insert into DKHP(MAHV, MALOPHP, THOIGIANDK) values('HV069', 'LHP 702', CAST(N'2021-06-01' AS Date));
insert into DKHP(MAHV, MALOPHP, THOIGIANDK) values('HV070', 'LHP 701', CAST(N'2021-06-01' AS Date));
insert into DKHP(MAHV, MALOPHP, THOIGIANDK) values('HV071', 'LHP 702', CAST(N'2021-06-01' AS Date));
insert into DKHP(MAHV, MALOPHP, THOIGIANDK) values('HV072', 'LHP 701', CAST(N'2021-06-01' AS Date));
insert into DKHP(MAHV, MALOPHP, THOIGIANDK) values('HV072', 'LHP 702', CAST(N'2021-06-01' AS Date));
insert into DKHP(MAHV, MALOPHP, THOIGIANDK) values('HV073', 'LHP 701', CAST(N'2021-06-01' AS Date));
insert into DKHP(MAHV, MALOPHP, THOIGIANDK) values('HV073', 'LHP 702', CAST(N'2021-06-01' AS Date));
insert into DKHP(MAHV, MALOPHP, THOIGIANDK) values('HV074', 'LHP 701', CAST(N'2021-06-01' AS Date));
insert into DKHP(MAHV, MALOPHP, THOIGIANDK) values('HV074', 'LHP 702', CAST(N'2021-06-01' AS Date));
insert into DKHP(MAHV, MALOPHP, THOIGIANDK) values('HV075', 'LHP 701', CAST(N'2021-06-01' AS Date));
insert into DKHP(MAHV, MALOPHP, THOIGIANDK) values('HV075', 'LHP 702', CAST(N'2021-06-01' AS Date));
insert into DKHP(MAHV, MALOPHP, THOIGIANDK) values('HV076', 'LHP 701', CAST(N'2021-06-01' AS Date));
insert into DKHP(MAHV, MALOPHP, THOIGIANDK) values('HV076', 'LHP 702', CAST(N'2021-06-01' AS Date));
insert into DKHP(MAHV, MALOPHP, THOIGIANDK) values('HV077', 'LHP 701', CAST(N'2021-06-01' AS Date));
insert into DKHP(MAHV, MALOPHP, THOIGIANDK) values('HV077', 'LHP 702', CAST(N'2021-06-01' AS Date));
insert into DKHP(MAHV, MALOPHP, THOIGIANDK) values('HV078', 'LHP 701', CAST(N'2021-06-01' AS Date));
insert into DKHP(MAHV, MALOPHP, THOIGIANDK) values('HV078', 'LHP 702', CAST(N'2021-06-01' AS Date));
insert into DKHP(MAHV, MALOPHP, THOIGIANDK) values('HV079', 'LHP 701', CAST(N'2021-06-01' AS Date));
insert into DKHP(MAHV, MALOPHP, THOIGIANDK) values('HV079', 'LHP 702', CAST(N'2021-06-01' AS Date));
insert into DKHP(MAHV, MALOPHP, THOIGIANDK) values('HV080', 'LHP 701', CAST(N'2021-06-01' AS Date));
insert into DKHP(MAHV, MALOPHP, THOIGIANDK) values('HV080', 'LHP 702', CAST(N'2021-06-01' AS Date));

insert into DKHP(MAHV, MALOPHP, THOIGIANDK) values('HV081', 'LHP 801', CAST(N'2021-06-01' AS Date));
insert into DKHP(MAHV, MALOPHP, THOIGIANDK) values('HV081', 'LHP 802', CAST(N'2021-06-01' AS Date));
insert into DKHP(MAHV, MALOPHP, THOIGIANDK) values('HV082', 'LHP 801', CAST(N'2021-06-01' AS Date));
insert into DKHP(MAHV, MALOPHP, THOIGIANDK) values('HV082', 'LHP 802', CAST(N'2021-06-01' AS Date));
insert into DKHP(MAHV, MALOPHP, THOIGIANDK) values('HV083', 'LHP 801', CAST(N'2021-06-01' AS Date));
insert into DKHP(MAHV, MALOPHP, THOIGIANDK) values('HV083', 'LHP 802', CAST(N'2021-06-01' AS Date));
insert into DKHP(MAHV, MALOPHP, THOIGIANDK) values('HV084', 'LHP 801', CAST(N'2021-06-01' AS Date));
insert into DKHP(MAHV, MALOPHP, THOIGIANDK) values('HV084', 'LHP 802', CAST(N'2021-06-01' AS Date));
insert into DKHP(MAHV, MALOPHP, THOIGIANDK) values('HV085', 'LHP 801', CAST(N'2021-06-01' AS Date));
insert into DKHP(MAHV, MALOPHP, THOIGIANDK) values('HV085', 'LHP 802', CAST(N'2021-06-01' AS Date));
insert into DKHP(MAHV, MALOPHP, THOIGIANDK) values('HV086', 'LHP 801', CAST(N'2021-06-01' AS Date));
insert into DKHP(MAHV, MALOPHP, THOIGIANDK) values('HV086', 'LHP 802', CAST(N'2021-06-01' AS Date));
insert into DKHP(MAHV, MALOPHP, THOIGIANDK) values('HV087', 'LHP 801', CAST(N'2021-06-01' AS Date));
insert into DKHP(MAHV, MALOPHP, THOIGIANDK) values('HV087', 'LHP 802', CAST(N'2021-06-01' AS Date));
insert into DKHP(MAHV, MALOPHP, THOIGIANDK) values('HV088', 'LHP 801', CAST(N'2021-06-01' AS Date));
insert into DKHP(MAHV, MALOPHP, THOIGIANDK) values('HV088', 'LHP 802', CAST(N'2021-06-01' AS Date));
insert into DKHP(MAHV, MALOPHP, THOIGIANDK) values('HV089', 'LHP 801', CAST(N'2021-06-01' AS Date));
insert into DKHP(MAHV, MALOPHP, THOIGIANDK) values('HV089', 'LHP 802', CAST(N'2021-06-01' AS Date));
insert into DKHP(MAHV, MALOPHP, THOIGIANDK) values('HV090', 'LHP 801', CAST(N'2021-06-01' AS Date));
insert into DKHP(MAHV, MALOPHP, THOIGIANDK) values('HV090', 'LHP 802', CAST(N'2021-06-01' AS Date));
insert into DKHP(MAHV, MALOPHP, THOIGIANDK) values('HV091', 'LHP 801', CAST(N'2021-06-01' AS Date));
insert into DKHP(MAHV, MALOPHP, THOIGIANDK) values('HV091', 'LHP 802', CAST(N'2021-06-01' AS Date));
insert into DKHP(MAHV, MALOPHP, THOIGIANDK) values('HV092', 'LHP 801', CAST(N'2021-06-01' AS Date));
insert into DKHP(MAHV, MALOPHP, THOIGIANDK) values('HV092', 'LHP 802', CAST(N'2021-06-01' AS Date));
insert into DKHP(MAHV, MALOPHP, THOIGIANDK) values('HV093', 'LHP 801', CAST(N'2021-06-01' AS Date));
insert into DKHP(MAHV, MALOPHP, THOIGIANDK) values('HV093', 'LHP 802', CAST(N'2021-06-01' AS Date));
insert into DKHP(MAHV, MALOPHP, THOIGIANDK) values('HV094', 'LHP 801', CAST(N'2021-06-01' AS Date));
insert into DKHP(MAHV, MALOPHP, THOIGIANDK) values('HV094', 'LHP 802', CAST(N'2021-06-01' AS Date));
insert into DKHP(MAHV, MALOPHP, THOIGIANDK) values('HV095', 'LHP 801', CAST(N'2021-06-01' AS Date));
insert into DKHP(MAHV, MALOPHP, THOIGIANDK) values('HV095', 'LHP 802', CAST(N'2021-06-01' AS Date));
insert into DKHP(MAHV, MALOPHP, THOIGIANDK) values('HV096', 'LHP 801', CAST(N'2021-06-01' AS Date));
insert into DKHP(MAHV, MALOPHP, THOIGIANDK) values('HV096', 'LHP 802', CAST(N'2021-06-01' AS Date));
insert into DKHP(MAHV, MALOPHP, THOIGIANDK) values('HV097', 'LHP 801', CAST(N'2021-06-01' AS Date));
insert into DKHP(MAHV, MALOPHP, THOIGIANDK) values('HV097', 'LHP 802', CAST(N'2021-06-01' AS Date));
insert into DKHP(MAHV, MALOPHP, THOIGIANDK) values('HV098', 'LHP 801', CAST(N'2021-06-01' AS Date));
insert into DKHP(MAHV, MALOPHP, THOIGIANDK) values('HV098', 'LHP 802', CAST(N'2021-06-01' AS Date));
insert into DKHP(MAHV, MALOPHP, THOIGIANDK) values('HV099', 'LHP 801', CAST(N'2021-06-01' AS Date));
insert into DKHP(MAHV, MALOPHP, THOIGIANDK) values('HV099', 'LHP 802', CAST(N'2021-06-01' AS Date));
insert into DKHP(MAHV, MALOPHP, THOIGIANDK) values('HV100', 'LHP 801', CAST(N'2021-06-01' AS Date));
insert into DKHP(MAHV, MALOPHP, THOIGIANDK) values('HV100', 'LHP 802', CAST(N'2021-06-01' AS Date));


insert into BANGDIEM(MAHV, MAMONHOC, DIEM, ISPASS, SOLANTHI) values ('HV021', 'MH 101', 7, 1, 1);
insert into BANGDIEM(MAHV, MAMONHOC, DIEM, ISPASS, SOLANTHI) values ('HV021', 'MH 102', 8, 1, 2);
insert into BANGDIEM(MAHV, MAMONHOC, DIEM, ISPASS, SOLANTHI) values ('HV021', 'MH 103', 9, 1, 1);
insert into BANGDIEM(MAHV, MAMONHOC, DIEM, ISPASS, SOLANTHI) values ('HV022', 'MH 201', 10, 1, 3);
insert into BANGDIEM(MAHV, MAMONHOC, DIEM, ISPASS, SOLANTHI) values ('HV022', 'MH 202', 9, 1, 1);
insert into BANGDIEM(MAHV, MAMONHOC, DIEM, ISPASS, SOLANTHI) values ('HV023', 'MH 301', 6, 1, 1);
insert into BANGDIEM(MAHV, MAMONHOC, DIEM, ISPASS, SOLANTHI) values ('HV023', 'MH 302', 6, 1, 2);
insert into BANGDIEM(MAHV, MAMONHOC, DIEM, ISPASS, SOLANTHI) values ('HV024', 'MH 401', 10, 1, 2);
insert into BANGDIEM(MAHV, MAMONHOC, DIEM, ISPASS, SOLANTHI) values ('HV024', 'MH 402', 9, 1,  1);
insert into BANGDIEM(MAHV, MAMONHOC, DIEM, ISPASS, SOLANTHI) values ('HV025', 'MH 501', 6, 1, 1);
insert into BANGDIEM(MAHV, MAMONHOC, DIEM, ISPASS, SOLANTHI) values ('HV025', 'MH 502', 5, 1,  1);
insert into BANGDIEM(MAHV, MAMONHOC, DIEM, ISPASS, SOLANTHI) values ('HV026', 'MH 601', 10, 1,  1);
insert into BANGDIEM(MAHV, MAMONHOC, DIEM, ISPASS, SOLANTHI) values ('HV026', 'MH 602', 9, 1, 1);
insert into BANGDIEM(MAHV, MAMONHOC, DIEM, ISPASS, SOLANTHI) values ('HV027', 'MH 101', 7, 1, 3);
insert into BANGDIEM(MAHV, MAMONHOC, DIEM, ISPASS, SOLANTHI) values ('HV027', 'MH 102', 4, 0, 3);
insert into BANGDIEM(MAHV, MAMONHOC, DIEM, ISPASS, SOLANTHI) values ('HV027', 'MH 103', 9, 1, 2);
insert into BANGDIEM(MAHV, MAMONHOC, DIEM, ISPASS, SOLANTHI) values ('HV028', 'MH 201', 10, 1, 1);
insert into BANGDIEM(MAHV, MAMONHOC, DIEM, ISPASS, SOLANTHI) values ('HV028', 'MH 202', 3, 0, 1);
insert into BANGDIEM(MAHV, MAMONHOC, DIEM, ISPASS, SOLANTHI) values ('HV029', 'MH 301', 6, 1,  2);
insert into BANGDIEM(MAHV, MAMONHOC, DIEM, ISPASS, SOLANTHI) values ('HV029', 'MH 302', 6, 1,  2);
insert into BANGDIEM(MAHV, MAMONHOC, DIEM, ISPASS, SOLANTHI) values ('HV030', 'MH 401', 10, 1, 3);
insert into BANGDIEM(MAHV, MAMONHOC, DIEM, ISPASS, SOLANTHI) values ('HV030', 'MH 402', 9, 1, 1);
insert into BANGDIEM(MAHV, MAMONHOC, DIEM, ISPASS, SOLANTHI) values ('HV031', 'MH 501', 6, 1, 2);
insert into BANGDIEM(MAHV, MAMONHOC, DIEM, ISPASS, SOLANTHI) values ('HV031', 'MH 502', 4, 0,3);
insert into BANGDIEM(MAHV, MAMONHOC, DIEM, ISPASS, SOLANTHI) values ('HV032', 'MH 601', 10, 1, 1);
insert into BANGDIEM(MAHV, MAMONHOC, DIEM, ISPASS, SOLANTHI) values ('HV032', 'MH 602', 9, 1, 1);
insert into BANGDIEM(MAHV, MAMONHOC, DIEM, ISPASS, SOLANTHI) values ('HV033', 'MH 101', 7, 1, 1);
insert into BANGDIEM(MAHV, MAMONHOC, DIEM, ISPASS, SOLANTHI) values ('HV033', 'MH 102', 8, 1, 1);
insert into BANGDIEM(MAHV, MAMONHOC, DIEM, ISPASS, SOLANTHI) values ('HV033', 'MH 103', 9, 1, 1);
insert into BANGDIEM(MAHV, MAMONHOC, DIEM, ISPASS, SOLANTHI) values ('HV034', 'MH 201', 10, 1,  1);
insert into BANGDIEM(MAHV, MAMONHOC, DIEM, ISPASS, SOLANTHI) values ('HV034', 'MH 202', 9, 1,  1);
insert into BANGDIEM(MAHV, MAMONHOC, DIEM, ISPASS, SOLANTHI) values ('HV035', 'MH 301', 6, 1,  2);
insert into BANGDIEM(MAHV, MAMONHOC, DIEM, ISPASS, SOLANTHI) values ('HV035', 'MH 302', 6, 1, 2);
insert into BANGDIEM(MAHV, MAMONHOC, DIEM, ISPASS, SOLANTHI) values ('HV036', 'MH 401', 10, 1, 1);
insert into BANGDIEM(MAHV, MAMONHOC, DIEM, ISPASS, SOLANTHI) values ('HV036', 'MH 402', 9, 1,  1);
insert into BANGDIEM(MAHV, MAMONHOC, DIEM, ISPASS, SOLANTHI) values ('HV037', 'MH 501', 6, 1, 2);
insert into BANGDIEM(MAHV, MAMONHOC, DIEM, ISPASS, SOLANTHI) values ('HV037', 'MH 502', 6, 1, 2);
insert into BANGDIEM(MAHV, MAMONHOC, DIEM, ISPASS, SOLANTHI) values ('HV038', 'MH 601', 10, 1, 1);
insert into BANGDIEM(MAHV, MAMONHOC, DIEM, ISPASS, SOLANTHI) values ('HV038', 'MH 602', 9, 1,  1);
insert into BANGDIEM(MAHV, MAMONHOC, DIEM, ISPASS, SOLANTHI) values ('HV039', 'MH 101', 7, 1, 1);
insert into BANGDIEM(MAHV, MAMONHOC, DIEM, ISPASS, SOLANTHI) values ('HV039', 'MH 102', 8, 1, 2);
insert into BANGDIEM(MAHV, MAMONHOC, DIEM, ISPASS, SOLANTHI) values ('HV039', 'MH 103', 9, 1, 3);
insert into BANGDIEM(MAHV, MAMONHOC, DIEM, ISPASS, SOLANTHI) values ('HV040', 'MH 201', 10, 1, 1);
insert into BANGDIEM(MAHV, MAMONHOC, DIEM, ISPASS, SOLANTHI) values ('HV040', 'MH 202', 9, 1,1);
insert into BANGDIEM(MAHV, MAMONHOC, DIEM, ISPASS, SOLANTHI) values ('HV041', 'MH 301', 6, 1,  2);
insert into BANGDIEM(MAHV, MAMONHOC, DIEM, ISPASS, SOLANTHI) values ('HV041', 'MH 302', 6, 1, 2);
insert into BANGDIEM(MAHV, MAMONHOC, DIEM, ISPASS, SOLANTHI) values ('HV042', 'MH 401', 10, 1,  1);
insert into BANGDIEM(MAHV, MAMONHOC, DIEM, ISPASS, SOLANTHI) values ('HV042', 'MH 402', 9, 1,  1);
insert into BANGDIEM(MAHV, MAMONHOC, DIEM, ISPASS, SOLANTHI) values ('HV043', 'MH 501', 6, 1, 2);
insert into BANGDIEM(MAHV, MAMONHOC, DIEM, ISPASS, SOLANTHI) values ('HV043', 'MH 502', 6, 1,  3);
insert into BANGDIEM(MAHV, MAMONHOC, DIEM, ISPASS, SOLANTHI) values ('HV044', 'MH 601', 10, 1, 1);
insert into BANGDIEM(MAHV, MAMONHOC, DIEM, ISPASS, SOLANTHI) values ('HV044', 'MH 602', 9, 1,  1);
insert into BANGDIEM(MAHV, MAMONHOC, DIEM, ISPASS, SOLANTHI) values ('HV045', 'MH 101', 7, 1, 1);
insert into BANGDIEM(MAHV, MAMONHOC, DIEM, ISPASS, SOLANTHI) values ('HV045', 'MH 102', 4, 0,  2);
insert into BANGDIEM(MAHV, MAMONHOC, DIEM, ISPASS, SOLANTHI) values ('HV045', 'MH 103', 9, 1, 3);
insert into BANGDIEM(MAHV, MAMONHOC, DIEM, ISPASS, SOLANTHI) values ('HV046', 'MH 201', 10, 1, 1);
insert into BANGDIEM(MAHV, MAMONHOC, DIEM, ISPASS, SOLANTHI) values ('HV046', 'MH 202', 9, 1,  1);
insert into BANGDIEM(MAHV, MAMONHOC, DIEM, ISPASS, SOLANTHI) values ('HV047', 'MH 301', 6, 1,  1);
insert into BANGDIEM(MAHV, MAMONHOC, DIEM, ISPASS, SOLANTHI) values ('HV047', 'MH 302', 6, 1,  2);
insert into BANGDIEM(MAHV, MAMONHOC, DIEM, ISPASS, SOLANTHI) values ('HV048', 'MH 401', 10, 1,  1);
insert into BANGDIEM(MAHV, MAMONHOC, DIEM, ISPASS, SOLANTHI) values ('HV048', 'MH 402', 9, 1, 1);
insert into BANGDIEM(MAHV, MAMONHOC, DIEM, ISPASS, SOLANTHI) values ('HV049', 'MH 501', 3, 0, 3);
insert into BANGDIEM(MAHV, MAMONHOC, DIEM, ISPASS, SOLANTHI) values ('HV049', 'MH 502', 6, 1,  2);
insert into BANGDIEM(MAHV, MAMONHOC, DIEM, ISPASS, SOLANTHI) values ('HV050', 'MH 601', 10, 1, 1);
insert into BANGDIEM(MAHV, MAMONHOC, DIEM, ISPASS, SOLANTHI) values ('HV050', 'MH 602', 9, 1, 1);
insert into BANGDIEM(MAHV, MAMONHOC, DIEM, ISPASS, SOLANTHI) values ('HV051', 'MH 101', 7, 1, 2);
insert into BANGDIEM(MAHV, MAMONHOC, DIEM, ISPASS, SOLANTHI) values ('HV051', 'MH 102', 4, 0, 1);
insert into BANGDIEM(MAHV, MAMONHOC, DIEM, ISPASS, SOLANTHI) values ('HV051', 'MH 103', 9, 1,  3);
insert into BANGDIEM(MAHV, MAMONHOC, DIEM, ISPASS, SOLANTHI) values ('HV052', 'MH 201', 2, 0, 1);
insert into BANGDIEM(MAHV, MAMONHOC, DIEM, ISPASS, SOLANTHI) values ('HV052', 'MH 202', 9, 1, 1);
insert into BANGDIEM(MAHV, MAMONHOC, DIEM, ISPASS, SOLANTHI) values ('HV053', 'MH 301', 3, 0, 2);
insert into BANGDIEM(MAHV, MAMONHOC, DIEM, ISPASS, SOLANTHI) values ('HV053', 'MH 302', 6, 1, 2);
insert into BANGDIEM(MAHV, MAMONHOC, DIEM, ISPASS, SOLANTHI) values ('HV054', 'MH 401', 10, 1, 1);
insert into BANGDIEM(MAHV, MAMONHOC, DIEM, ISPASS, SOLANTHI) values ('HV054', 'MH 402', 9, 1,  1);
insert into BANGDIEM(MAHV, MAMONHOC, DIEM, ISPASS, SOLANTHI) values ('HV055', 'MH 501', 6, 1, 2);
insert into BANGDIEM(MAHV, MAMONHOC, DIEM, ISPASS, SOLANTHI) values ('HV055', 'MH 502', 6, 1,2);
insert into BANGDIEM(MAHV, MAMONHOC, DIEM, ISPASS, SOLANTHI) values ('HV056', 'MH 601', 10, 1,1);
insert into BANGDIEM(MAHV, MAMONHOC, DIEM, ISPASS, SOLANTHI) values ('HV056', 'MH 602', 9, 1, 1);
insert into BANGDIEM(MAHV, MAMONHOC, DIEM, ISPASS, SOLANTHI) values ('HV057', 'MH 101', 7, 1, 1);
insert into BANGDIEM(MAHV, MAMONHOC, DIEM, ISPASS, SOLANTHI) values ('HV057', 'MH 102', 4, 0, 1);
insert into BANGDIEM(MAHV, MAMONHOC, DIEM, ISPASS, SOLANTHI) values ('HV057', 'MH 103', 9, 1, 3);
insert into BANGDIEM(MAHV, MAMONHOC, DIEM, ISPASS, SOLANTHI) values ('HV058', 'MH 201', 2, 0, 1);
insert into BANGDIEM(MAHV, MAMONHOC, DIEM, ISPASS, SOLANTHI) values ('HV058', 'MH 202', 9, 1, 2);
insert into BANGDIEM(MAHV, MAMONHOC, DIEM, ISPASS, SOLANTHI) values ('HV059', 'MH 301', 3, 0, 1);
insert into BANGDIEM(MAHV, MAMONHOC, DIEM, ISPASS, SOLANTHI) values ('HV059', 'MH 302', 6, 1, 1);
insert into BANGDIEM(MAHV, MAMONHOC, DIEM, ISPASS, SOLANTHI) values ('HV060', 'MH 401', 10, 1, 2);
insert into BANGDIEM(MAHV, MAMONHOC, DIEM, ISPASS, SOLANTHI) values ('HV060', 'MH 402', 9, 1, 3);

insert into BANGDIEM(MAHV, MAMONHOC, DIEM, ISPASS, SOLANTHI) values ('HV061', 'MH 701', 6, 1, 1);
insert into BANGDIEM(MAHV, MAMONHOC, DIEM, ISPASS, SOLANTHI) values ('HV061', 'MH 702', 4, 0, 3);
insert into BANGDIEM(MAHV, MAMONHOC, DIEM, ISPASS, SOLANTHI) values ('HV062', 'MH 701', 10, 1, 1);
insert into BANGDIEM(MAHV, MAMONHOC, DIEM, ISPASS, SOLANTHI) values ('HV062', 'MH 702', 9, 1, 1);
insert into BANGDIEM(MAHV, MAMONHOC, DIEM, ISPASS, SOLANTHI) values ('HV063', 'MH 701', 3, 0, 3);
insert into BANGDIEM(MAHV, MAMONHOC, DIEM, ISPASS, SOLANTHI) values ('HV063', 'MH 702', 6, 1, 2);
insert into BANGDIEM(MAHV, MAMONHOC, DIEM, ISPASS, SOLANTHI) values ('HV064', 'MH 701', 10, 1, 1);
insert into BANGDIEM(MAHV, MAMONHOC, DIEM, ISPASS, SOLANTHI) values ('HV064', 'MH 702', 7, 1, 3);
insert into BANGDIEM(MAHV, MAMONHOC, DIEM, ISPASS, SOLANTHI) values ('HV065', 'MH 701', 5, 1, 2);
insert into BANGDIEM(MAHV, MAMONHOC, DIEM, ISPASS, SOLANTHI) values ('HV065', 'MH 702', 6, 1, 2);
insert into BANGDIEM(MAHV, MAMONHOC, DIEM, ISPASS, SOLANTHI) values ('HV066', 'MH 701', 9, 1, 1);
insert into BANGDIEM(MAHV, MAMONHOC, DIEM, ISPASS, SOLANTHI) values ('HV066', 'MH 702', 8, 1, 1);
insert into BANGDIEM(MAHV, MAMONHOC, DIEM, ISPASS, SOLANTHI) values ('HV067', 'MH 701', 3, 0, 3);
insert into BANGDIEM(MAHV, MAMONHOC, DIEM, ISPASS, SOLANTHI) values ('HV067', 'MH 702', 6, 1, 2);
insert into BANGDIEM(MAHV, MAMONHOC, DIEM, ISPASS, SOLANTHI) values ('HV068', 'MH 701', 10, 1, 1);
insert into BANGDIEM(MAHV, MAMONHOC, DIEM, ISPASS, SOLANTHI) values ('HV068', 'MH 702', 7, 1, 1);
insert into BANGDIEM(MAHV, MAMONHOC, DIEM, ISPASS, SOLANTHI) values ('HV069', 'MH 701', 5, 1, 2);
insert into BANGDIEM(MAHV, MAMONHOC, DIEM, ISPASS, SOLANTHI) values ('HV069', 'MH 702', 6, 1, 2);
insert into BANGDIEM(MAHV, MAMONHOC, DIEM, ISPASS, SOLANTHI) values ('HV070', 'MH 701', 3, 0, 3);
insert into BANGDIEM(MAHV, MAMONHOC, DIEM, ISPASS, SOLANTHI) values ('HV070', 'MH 702', 6, 1, 1);
insert into BANGDIEM(MAHV, MAMONHOC, DIEM, ISPASS, SOLANTHI) values ('HV071', 'MH 701', 6, 1, 2);
insert into BANGDIEM(MAHV, MAMONHOC, DIEM, ISPASS, SOLANTHI) values ('HV071', 'MH 702', 4, 0, 2);
insert into BANGDIEM(MAHV, MAMONHOC, DIEM, ISPASS, SOLANTHI) values ('HV072', 'MH 701', 10, 1, 1);
insert into BANGDIEM(MAHV, MAMONHOC, DIEM, ISPASS, SOLANTHI) values ('HV072', 'MH 702', 9, 1, 1);
insert into BANGDIEM(MAHV, MAMONHOC, DIEM, ISPASS, SOLANTHI) values ('HV073', 'MH 701', 3, 0, 1);
insert into BANGDIEM(MAHV, MAMONHOC, DIEM, ISPASS, SOLANTHI) values ('HV073', 'MH 702', 6, 1, 2);
insert into BANGDIEM(MAHV, MAMONHOC, DIEM, ISPASS, SOLANTHI) values ('HV074', 'MH 701', 10, 1, 1);
insert into BANGDIEM(MAHV, MAMONHOC, DIEM, ISPASS, SOLANTHI) values ('HV074', 'MH 702', 7, 1, 1);
insert into BANGDIEM(MAHV, MAMONHOC, DIEM, ISPASS, SOLANTHI) values ('HV075', 'MH 701', 5, 1, 2);
insert into BANGDIEM(MAHV, MAMONHOC, DIEM, ISPASS, SOLANTHI) values ('HV075', 'MH 702', 6, 1, 2);
insert into BANGDIEM(MAHV, MAMONHOC, DIEM, ISPASS, SOLANTHI) values ('HV076', 'MH 701', 9, 1, 3);
insert into BANGDIEM(MAHV, MAMONHOC, DIEM, ISPASS, SOLANTHI) values ('HV076', 'MH 702', 8, 1, 1);
insert into BANGDIEM(MAHV, MAMONHOC, DIEM, ISPASS, SOLANTHI) values ('HV077', 'MH 701', 3, 0, 1);
insert into BANGDIEM(MAHV, MAMONHOC, DIEM, ISPASS, SOLANTHI) values ('HV077', 'MH 702', 6, 1, 2);
insert into BANGDIEM(MAHV, MAMONHOC, DIEM, ISPASS, SOLANTHI) values ('HV078', 'MH 701', 10, 1,1);
insert into BANGDIEM(MAHV, MAMONHOC, DIEM, ISPASS, SOLANTHI) values ('HV078', 'MH 702', 7, 1, 2);
insert into BANGDIEM(MAHV, MAMONHOC, DIEM, ISPASS, SOLANTHI) values ('HV079', 'MH 701', 5, 1, 1);
insert into BANGDIEM(MAHV, MAMONHOC, DIEM, ISPASS, SOLANTHI) values ('HV079', 'MH 702', 6, 1, 1);
insert into BANGDIEM(MAHV, MAMONHOC, DIEM, ISPASS, SOLANTHI) values ('HV080', 'MH 701', 3, 0, 2);
insert into BANGDIEM(MAHV, MAMONHOC, DIEM, ISPASS, SOLANTHI) values ('HV080', 'MH 702', 6, 1, 2);
insert into BANGDIEM(MAHV, MAMONHOC, DIEM, ISPASS, SOLANTHI) values ('HV081', 'MH 801', 6, 1, 1);
insert into BANGDIEM(MAHV, MAMONHOC, DIEM, ISPASS, SOLANTHI) values ('HV081', 'MH 802', 4, 0, 3);
insert into BANGDIEM(MAHV, MAMONHOC, DIEM, ISPASS, SOLANTHI) values ('HV082', 'MH 801', 7, 1, 1);
insert into BANGDIEM(MAHV, MAMONHOC, DIEM, ISPASS, SOLANTHI) values ('HV082', 'MH 802', 4, 0, 2);
insert into BANGDIEM(MAHV, MAMONHOC, DIEM, ISPASS, SOLANTHI) values ('HV083', 'MH 801', 8, 1, 1);
insert into BANGDIEM(MAHV, MAMONHOC, DIEM, ISPASS, SOLANTHI) values ('HV083', 'MH 802', 5, 1, 1);
insert into BANGDIEM(MAHV, MAMONHOC, DIEM, ISPASS, SOLANTHI) values ('HV084', 'MH 801', 6, 1, 1);
insert into BANGDIEM(MAHV, MAMONHOC, DIEM, ISPASS, SOLANTHI) values ('HV084', 'MH 802', 9, 1, 3);
insert into BANGDIEM(MAHV, MAMONHOC, DIEM, ISPASS, SOLANTHI) values ('HV085', 'MH 801', 6, 1, 1);
insert into BANGDIEM(MAHV, MAMONHOC, DIEM, ISPASS, SOLANTHI) values ('HV085', 'MH 802', 4, 0, 2);
insert into BANGDIEM(MAHV, MAMONHOC, DIEM, ISPASS, SOLANTHI) values ('HV086', 'MH 801', 7, 1, 1);
insert into BANGDIEM(MAHV, MAMONHOC, DIEM, ISPASS, SOLANTHI) values ('HV086', 'MH 802', 4, 0, 1);
insert into BANGDIEM(MAHV, MAMONHOC, DIEM, ISPASS, SOLANTHI) values ('HV087', 'MH 801', 8, 1, 3);
insert into BANGDIEM(MAHV, MAMONHOC, DIEM, ISPASS, SOLANTHI) values ('HV087', 'MH 802', 5, 1, 1);
insert into BANGDIEM(MAHV, MAMONHOC, DIEM, ISPASS, SOLANTHI) values ('HV088', 'MH 801', 10, 1, 1);
insert into BANGDIEM(MAHV, MAMONHOC, DIEM, ISPASS, SOLANTHI) values ('HV088', 'MH 802', 9, 1, 2);
insert into BANGDIEM(MAHV, MAMONHOC, DIEM, ISPASS, SOLANTHI) values ('HV089', 'MH 801', 8, 1, 3);
insert into BANGDIEM(MAHV, MAMONHOC, DIEM, ISPASS, SOLANTHI) values ('HV089', 'MH 802', 6, 1, 1);
insert into BANGDIEM(MAHV, MAMONHOC, DIEM, ISPASS, SOLANTHI) values ('HV090', 'MH 801', 8, 1, 1);
insert into BANGDIEM(MAHV, MAMONHOC, DIEM, ISPASS, SOLANTHI) values ('HV090', 'MH 802', 9, 1, 2);
insert into BANGDIEM(MAHV, MAMONHOC, DIEM, ISPASS, SOLANTHI) values ('HV091', 'MH 802', 4, 0, 1);
insert into BANGDIEM(MAHV, MAMONHOC, DIEM, ISPASS, SOLANTHI) values ('HV092', 'MH 801', 7, 1, 1);
insert into BANGDIEM(MAHV, MAMONHOC, DIEM, ISPASS, SOLANTHI) values ('HV092', 'MH 802', 4, 0, 1);
insert into BANGDIEM(MAHV, MAMONHOC, DIEM, ISPASS, SOLANTHI) values ('HV093', 'MH 801', 8, 1, 2);
insert into BANGDIEM(MAHV, MAMONHOC, DIEM, ISPASS, SOLANTHI) values ('HV093', 'MH 802', 5, 1, 2);
insert into BANGDIEM(MAHV, MAMONHOC, DIEM, ISPASS, SOLANTHI) values ('HV094', 'MH 801', 6, 1, 1);
insert into BANGDIEM(MAHV, MAMONHOC, DIEM, ISPASS, SOLANTHI) values ('HV094', 'MH 802', 9, 1, 1);
insert into BANGDIEM(MAHV, MAMONHOC, DIEM, ISPASS, SOLANTHI) values ('HV095', 'MH 801', 6, 1, 1);
insert into BANGDIEM(MAHV, MAMONHOC, DIEM, ISPASS, SOLANTHI) values ('HV095', 'MH 802', 4, 0, 2);
insert into BANGDIEM(MAHV, MAMONHOC, DIEM, ISPASS, SOLANTHI) values ('HV096', 'MH 801', 7, 1, 3);
insert into BANGDIEM(MAHV, MAMONHOC, DIEM, ISPASS, SOLANTHI) values ('HV096', 'MH 802', 4, 0, 1);
insert into BANGDIEM(MAHV, MAMONHOC, DIEM, ISPASS, SOLANTHI) values ('HV097', 'MH 801', 8, 1, 3);
insert into BANGDIEM(MAHV, MAMONHOC, DIEM, ISPASS, SOLANTHI) values ('HV097', 'MH 802', 5, 1, 2);
insert into BANGDIEM(MAHV, MAMONHOC, DIEM, ISPASS, SOLANTHI) values ('HV098', 'MH 801', 10, 1, 1);
insert into BANGDIEM(MAHV, MAMONHOC, DIEM, ISPASS, SOLANTHI) values ('HV098', 'MH 802', 9, 1, 1);
insert into BANGDIEM(MAHV, MAMONHOC, DIEM, ISPASS, SOLANTHI) values ('HV099', 'MH 801', 8, 1, 3);
insert into BANGDIEM(MAHV, MAMONHOC, DIEM, ISPASS, SOLANTHI) values ('HV099', 'MH 802', 6, 1, 2);
insert into BANGDIEM(MAHV, MAMONHOC, DIEM, ISPASS, SOLANTHI) values ('HV100', 'MH 801', 8, 1, 1);
insert into BANGDIEM(MAHV, MAMONHOC, DIEM, ISPASS, SOLANTHI) values ('HV100', 'MH 802', 9, 1, 1);


insert into PHIEUHOCPHI(MAPHIEU, MAHV, MANV, TONGTIEN) values ('PHP 001','HV001', 'NV 04', 6000000);
insert into PHIEUHOCPHI(MAPHIEU, MAHV, MANV, TONGTIEN) values ('PHP 002','HV002', 'NV 04', 7000000);
insert into PHIEUHOCPHI(MAPHIEU, MAHV, MANV, TONGTIEN) values ('PHP 003','HV003', 'NV 04', 5000000);
insert into PHIEUHOCPHI(MAPHIEU, MAHV, MANV, TONGTIEN) values ('PHP 004','HV004', 'NV 04', 6500000);
insert into PHIEUHOCPHI(MAPHIEU, MAHV, MANV, TONGTIEN) values ('PHP 005','HV005', 'NV 04', 5500000);
insert into PHIEUHOCPHI(MAPHIEU, MAHV, MANV, TONGTIEN) values ('PHP 006','HV006', 'NV 04', 7500000);
insert into PHIEUHOCPHI(MAPHIEU, MAHV, MANV, TONGTIEN) values ('PHP 007','HV007', 'NV 04', 4900000);
insert into PHIEUHOCPHI(MAPHIEU, MAHV, MANV, TONGTIEN) values ('PHP 008','HV008', 'NV 04', 7100000);

insert into PHIEUHOCPHI(MAPHIEU, MAHV, MANV, TONGTIEN) values ('PHP 021','HV021', 'NV 05', 6000000);
insert into PHIEUHOCPHI(MAPHIEU, MAHV, MANV, TONGTIEN) values ('PHP 022','HV022', 'NV 05', 7000000);
insert into PHIEUHOCPHI(MAPHIEU, MAHV, MANV, TONGTIEN) values ('PHP 023','HV023', 'NV 05', 5500000);
insert into PHIEUHOCPHI(MAPHIEU, MAHV, MANV, TONGTIEN) values ('PHP 024','HV024', 'NV 05', 8000000);
insert into PHIEUHOCPHI(MAPHIEU, MAHV, MANV, TONGTIEN) values ('PHP 025','HV025', 'NV 05', 6500000);
insert into PHIEUHOCPHI(MAPHIEU, MAHV, MANV, TONGTIEN) values ('PHP 026','HV026', 'NV 05', 7500000);
insert into PHIEUHOCPHI(MAPHIEU, MAHV, MANV, TONGTIEN) values ('PHP 027','HV027', 'NV 05', 6000000);
insert into PHIEUHOCPHI(MAPHIEU, MAHV, MANV, TONGTIEN) values ('PHP 028','HV028', 'NV 05', 7000000);

insert into PHIEUHOCPHI(MAPHIEU, MAHV, MANV, TONGTIEN) values ('PHP 061','HV061', 'NV 06', 6000000);
insert into PHIEUHOCPHI(MAPHIEU, MAHV, MANV, TONGTIEN) values ('PHP 062','HV062', 'NV 06', 7000000);
insert into PHIEUHOCPHI(MAPHIEU, MAHV, MANV, TONGTIEN) values ('PHP 063','HV063', 'NV 06', 5500000);
insert into PHIEUHOCPHI(MAPHIEU, MAHV, MANV, TONGTIEN) values ('PHP 064','HV064', 'NV 06', 8000000);
insert into PHIEUHOCPHI(MAPHIEU, MAHV, MANV, TONGTIEN) values ('PHP 065','HV065', 'NV 06', 6500000);
insert into PHIEUHOCPHI(MAPHIEU, MAHV, MANV, TONGTIEN) values ('PHP 066','HV066', 'NV 06', 7500000);
insert into PHIEUHOCPHI(MAPHIEU, MAHV, MANV, TONGTIEN) values ('PHP 067','HV067', 'NV 06', 6000000);
insert into PHIEUHOCPHI(MAPHIEU, MAHV, MANV, TONGTIEN) values ('PHP 068','HV068', 'NV 06', 7000000);
insert into PHIEUHOCPHI(MAPHIEU, MAHV, MANV, TONGTIEN) values ('PHP 081','HV081', 'NV 07', 6500000);
insert into PHIEUHOCPHI(MAPHIEU, MAHV, MANV, TONGTIEN) values ('PHP 082','HV082', 'NV 07', 7600000);

insert into HOCPHIDKHP(MAHV, MALOPHP, MAPHIEU) values ('HV021', 'LHP 101', 'PHP 021');
insert into HOCPHIDKHP(MAHV, MALOPHP, MAPHIEU) values ('HV021', 'LHP 102', 'PHP 021');
insert into HOCPHIDKHP(MAHV, MALOPHP, MAPHIEU) values ('HV021', 'LHP 103', 'PHP 021');
insert into HOCPHIDKHP(MAHV, MALOPHP, MAPHIEU) values ('HV022', 'LHP 201', 'PHP 022');
insert into HOCPHIDKHP(MAHV, MALOPHP, MAPHIEU) values ('HV022', 'LHP 202', 'PHP 022');
insert into HOCPHIDKHP(MAHV, MALOPHP, MAPHIEU) values ('HV023', 'LHP 301', 'PHP 023');
insert into HOCPHIDKHP(MAHV, MALOPHP, MAPHIEU) values ('HV023', 'LHP 302', 'PHP 023');
insert into HOCPHIDKHP(MAHV, MALOPHP, MAPHIEU) values ('HV024', 'LHP 401', 'PHP 024');
insert into HOCPHIDKHP(MAHV, MALOPHP, MAPHIEU) values ('HV024', 'LHP 402', 'PHP 024');
insert into HOCPHIDKHP(MAHV, MALOPHP, MAPHIEU) values ('HV025', 'LHP 501', 'PHP 025');
insert into HOCPHIDKHP(MAHV, MALOPHP, MAPHIEU) values ('HV025', 'LHP 502', 'PHP 025');
insert into HOCPHIDKHP(MAHV, MALOPHP, MAPHIEU) values ('HV026', 'LHP 601', 'PHP 026');
insert into HOCPHIDKHP(MAHV, MALOPHP, MAPHIEU) values ('HV026', 'LHP 602', 'PHP 026');
insert into HOCPHIDKHP(MAHV, MALOPHP, MAPHIEU) values ('HV027', 'LHP 101', 'PHP 027');
insert into HOCPHIDKHP(MAHV, MALOPHP, MAPHIEU) values ('HV027', 'LHP 102', 'PHP 027');
insert into HOCPHIDKHP(MAHV, MALOPHP, MAPHIEU) values ('HV027', 'LHP 103', 'PHP 027');
insert into HOCPHIDKHP(MAHV, MALOPHP, MAPHIEU) values ('HV028', 'LHP 201', 'PHP 028');
insert into HOCPHIDKHP(MAHV, MALOPHP, MAPHIEU) values ('HV028', 'LHP 202', 'PHP 028');

insert into HOCPHIDKHP(MAHV, MALOPHP, MAPHIEU) values ('HV061', 'LHP 701', 'PHP 061');
insert into HOCPHIDKHP(MAHV, MALOPHP, MAPHIEU) values ('HV061', 'LHP 702', 'PHP 061');
insert into HOCPHIDKHP(MAHV, MALOPHP, MAPHIEU) values ('HV062', 'LHP 701', 'PHP 062');
insert into HOCPHIDKHP(MAHV, MALOPHP, MAPHIEU) values ('HV062', 'LHP 702', 'PHP 062');
insert into HOCPHIDKHP(MAHV, MALOPHP, MAPHIEU) values ('HV063', 'LHP 701', 'PHP 063');
insert into HOCPHIDKHP(MAHV, MALOPHP, MAPHIEU) values ('HV063', 'LHP 702', 'PHP 063');
insert into HOCPHIDKHP(MAHV, MALOPHP, MAPHIEU) values ('HV064', 'LHP 701', 'PHP 064');
insert into HOCPHIDKHP(MAHV, MALOPHP, MAPHIEU) values ('HV064', 'LHP 702', 'PHP 064');
insert into HOCPHIDKHP(MAHV, MALOPHP, MAPHIEU) values ('HV065', 'LHP 701', 'PHP 065');
insert into HOCPHIDKHP(MAHV, MALOPHP, MAPHIEU) values ('HV065', 'LHP 702', 'PHP 065');
insert into HOCPHIDKHP(MAHV, MALOPHP, MAPHIEU) values ('HV066', 'LHP 701', 'PHP 066');
insert into HOCPHIDKHP(MAHV, MALOPHP, MAPHIEU) values ('HV066', 'LHP 702', 'PHP 066');

insert into HOCPHIDKHP(MAHV, MALOPHP, MAPHIEU) values ('HV081', 'LHP 801', 'PHP 081');
insert into HOCPHIDKHP(MAHV, MALOPHP, MAPHIEU) values ('HV081', 'LHP 802', 'PHP 081');
insert into HOCPHIDKHP(MAHV, MALOPHP, MAPHIEU) values ('HV082', 'LHP 801', 'PHP 082');
insert into HOCPHIDKHP(MAHV, MALOPHP, MAPHIEU) values ('HV082', 'LHP 802', 'PHP 082');


insert into HOCPHIDKCD(MAHV, MALOPCD, MAPHIEU) values('HV001', 'LOP 101', 'PHP 001');
insert into HOCPHIDKCD(MAHV, MALOPCD, MAPHIEU) values('HV001', 'LOP 102', 'PHP 001');
insert into HOCPHIDKCD(MAHV, MALOPCD, MAPHIEU) values('HV001', 'LOP 103', 'PHP 001');
insert into HOCPHIDKCD(MAHV, MALOPCD, MAPHIEU) values('HV001', 'LOP 201', 'PHP 001');
insert into HOCPHIDKCD(MAHV, MALOPCD, MAPHIEU) values('HV001', 'LOP 202', 'PHP 001');
insert into HOCPHIDKCD(MAHV, MALOPCD, MAPHIEU) values('HV001', 'LOP 203', 'PHP 001');
insert into HOCPHIDKCD(MAHV, MALOPCD, MAPHIEU) values('HV002', 'LOP 301', 'PHP 002');
insert into HOCPHIDKCD(MAHV, MALOPCD, MAPHIEU) values('HV002', 'LOP 302', 'PHP 002');
insert into HOCPHIDKCD(MAHV, MALOPCD, MAPHIEU) values('HV002', 'LOP 303', 'PHP 002');
insert into HOCPHIDKCD(MAHV, MALOPCD, MAPHIEU) values('HV002', 'LOP 401', 'PHP 002');
insert into HOCPHIDKCD(MAHV, MALOPCD, MAPHIEU) values('HV002', 'LOP 402', 'PHP 002');
insert into HOCPHIDKCD(MAHV, MALOPCD, MAPHIEU) values('HV002', 'LOP 403', 'PHP 002');
insert into HOCPHIDKCD(MAHV, MALOPCD, MAPHIEU) values('HV003', 'LOP 501', 'PHP 003');
insert into HOCPHIDKCD(MAHV, MALOPCD, MAPHIEU) values('HV003', 'LOP 502', 'PHP 003');
insert into HOCPHIDKCD(MAHV, MALOPCD, MAPHIEU) values('HV003', 'LOP 503', 'PHP 003');
insert into HOCPHIDKCD(MAHV, MALOPCD, MAPHIEU) values('HV003', 'LOP 101', 'PHP 003');
insert into HOCPHIDKCD(MAHV, MALOPCD, MAPHIEU) values('HV003', 'LOP 102', 'PHP 003');
insert into HOCPHIDKCD(MAHV, MALOPCD, MAPHIEU) values('HV003', 'LOP 103', 'PHP 003');
insert into HOCPHIDKCD(MAHV, MALOPCD, MAPHIEU) values('HV004', 'LOP 201', 'PHP 004');
insert into HOCPHIDKCD(MAHV, MALOPCD, MAPHIEU) values('HV004', 'LOP 202', 'PHP 004');
insert into HOCPHIDKCD(MAHV, MALOPCD, MAPHIEU) values('HV004', 'LOP 203', 'PHP 004');
insert into HOCPHIDKCD(MAHV, MALOPCD, MAPHIEU) values('HV004', 'LOP 301', 'PHP 004');
insert into HOCPHIDKCD(MAHV, MALOPCD, MAPHIEU) values('HV004', 'LOP 302', 'PHP 004');
insert into HOCPHIDKCD(MAHV, MALOPCD, MAPHIEU) values('HV004', 'LOP 303', 'PHP 004');
insert into HOCPHIDKCD(MAHV, MALOPCD, MAPHIEU) values('HV005', 'LOP 401', 'PHP 005');
insert into HOCPHIDKCD(MAHV, MALOPCD, MAPHIEU) values('HV005', 'LOP 402', 'PHP 005');
insert into HOCPHIDKCD(MAHV, MALOPCD, MAPHIEU) values('HV005', 'LOP 403', 'PHP 005');
insert into HOCPHIDKCD(MAHV, MALOPCD, MAPHIEU) values('HV005', 'LOP 501', 'PHP 005');
insert into HOCPHIDKCD(MAHV, MALOPCD, MAPHIEU) values('HV005', 'LOP 502', 'PHP 005');
insert into HOCPHIDKCD(MAHV, MALOPCD, MAPHIEU) values('HV005', 'LOP 503', 'PHP 005');
insert into HOCPHIDKCD(MAHV, MALOPCD, MAPHIEU) values('HV006', 'LOP 101', 'PHP 006');
insert into HOCPHIDKCD(MAHV, MALOPCD, MAPHIEU) values('HV006', 'LOP 102', 'PHP 006');
insert into HOCPHIDKCD(MAHV, MALOPCD, MAPHIEU) values('HV006', 'LOP 103', 'PHP 006');
insert into HOCPHIDKCD(MAHV, MALOPCD, MAPHIEU) values('HV006', 'LOP 201', 'PHP 006');
insert into HOCPHIDKCD(MAHV, MALOPCD, MAPHIEU) values('HV006', 'LOP 202', 'PHP 006');
insert into HOCPHIDKCD(MAHV, MALOPCD, MAPHIEU) values('HV006', 'LOP 203', 'PHP 006');
insert into HOCPHIDKCD(MAHV, MALOPCD, MAPHIEU) values('HV007', 'LOP 301', 'PHP 007');
insert into HOCPHIDKCD(MAHV, MALOPCD, MAPHIEU) values('HV007', 'LOP 302', 'PHP 007');
insert into HOCPHIDKCD(MAHV, MALOPCD, MAPHIEU) values('HV007', 'LOP 303', 'PHP 007');
insert into HOCPHIDKCD(MAHV, MALOPCD, MAPHIEU) values('HV007', 'LOP 401', 'PHP 007');
insert into HOCPHIDKCD(MAHV, MALOPCD, MAPHIEU) values('HV007', 'LOP 402', 'PHP 007');
insert into HOCPHIDKCD(MAHV, MALOPCD, MAPHIEU) values('HV007', 'LOP 403', 'PHP 007');
insert into HOCPHIDKCD(MAHV, MALOPCD, MAPHIEU) values('HV008', 'LOP 501', 'PHP 008');
insert into HOCPHIDKCD(MAHV, MALOPCD, MAPHIEU) values('HV008', 'LOP 502', 'PHP 008');
insert into HOCPHIDKCD(MAHV, MALOPCD, MAPHIEU) values('HV008', 'LOP 503', 'PHP 008');
insert into HOCPHIDKCD(MAHV, MALOPCD, MAPHIEU) values('HV008', 'LOP 101', 'PHP 008');
insert into HOCPHIDKCD(MAHV, MALOPCD, MAPHIEU) values('HV008', 'LOP 102', 'PHP 008');
insert into HOCPHIDKCD(MAHV, MALOPCD, MAPHIEU) values('HV008', 'LOP 103', 'PHP 008');


insert into CHUNGCHICTDAOTAO( MACHUNGCHI, MAHV, NGAYCAP, XEPLOAI, MACT) values ('CCCTDT 021','HV021', CAST(N'2021-06-06' AS Date),  N'Trung bình', 'CTDT 003' );
insert into CHUNGCHICTDAOTAO( MACHUNGCHI, MAHV, NGAYCAP, XEPLOAI, MACT) values ('CCCTDT 022','HV022', CAST(N'2021-09-02' AS Date), N'Khá', 'CTDT 003' );
insert into CHUNGCHICTDAOTAO( MACHUNGCHI, MAHV, NGAYCAP, XEPLOAI, MACT) values ('CCCTDT 023','HV023', CAST(N'2021-02-04' AS Date), N' Tốt', 'CTDT 003' );
insert into CHUNGCHICTDAOTAO( MACHUNGCHI, MAHV, NGAYCAP, XEPLOAI, MACT) values ('CCCTDT 024','HV024', CAST(N'2021-04-08' AS Date), N'Khá', 'CTDT 003' );
insert into CHUNGCHICTDAOTAO( MACHUNGCHI, MAHV, NGAYCAP, XEPLOAI, MACT) values ('CCCTDT 025','HV025', CAST(N'2021-06-06' AS Date),  N'Trung bình', 'CTDT 003' );
insert into CHUNGCHICTDAOTAO( MACHUNGCHI, MAHV, NGAYCAP, XEPLOAI, MACT) values ('CCCTDT 026','HV026', CAST(N'2021-06-15' AS Date),  N'Trung bình', 'CTDT 003' );
insert into CHUNGCHICTDAOTAO( MACHUNGCHI, MAHV, NGAYCAP, XEPLOAI, MACT) values ('CCCTDT 027','HV027', CAST(N'2021-07-14' AS Date), N'Khá', 'CTDT 003' );
insert into CHUNGCHICTDAOTAO( MACHUNGCHI, MAHV, NGAYCAP, XEPLOAI, MACT) values ('CCCTDT 028','HV028', CAST(N'2021-05-24' AS Date), N' Tốt', 'CTDT 003' );
insert into CHUNGCHICTDAOTAO( MACHUNGCHI, MAHV, NGAYCAP, XEPLOAI, MACT) values ('CCCTDT 029','HV029', CAST(N'2021-05-01' AS Date), N'Khá', 'CTDT 003' );
insert into CHUNGCHICTDAOTAO( MACHUNGCHI, MAHV, NGAYCAP, XEPLOAI, MACT) values ('CCCTDT 030','HV030', CAST(N'2021-06-01' AS Date),  N'Trung bình', 'CTDT 003' );
insert into CHUNGCHICTDAOTAO( MACHUNGCHI, MAHV, NGAYCAP, XEPLOAI, MACT) values ('CCCTDT 031','HV031', CAST(N'2021-06-06' AS Date),  N'Trung bình', 'CTDT 003' );
insert into CHUNGCHICTDAOTAO( MACHUNGCHI, MAHV, NGAYCAP, XEPLOAI, MACT) values ('CCCTDT 032','HV032', CAST(N'2021-07-02' AS Date), N'Khá', 'CTDT 003' );
insert into CHUNGCHICTDAOTAO( MACHUNGCHI, MAHV, NGAYCAP, XEPLOAI, MACT) values ('CCCTDT 033','HV033', CAST(N'2021-05-04' AS Date), N' Tốt', 'CTDT 003' );
insert into CHUNGCHICTDAOTAO( MACHUNGCHI, MAHV, NGAYCAP, XEPLOAI, MACT) values ('CCCTDT 034','HV034', CAST(N'2021-05-08' AS Date), N'Khá', 'CTDT 003' );
insert into CHUNGCHICTDAOTAO( MACHUNGCHI, MAHV, NGAYCAP, XEPLOAI, MACT) values ('CCCTDT 035','HV035', CAST(N'2021-06-05' AS Date),  N'Trung bình', 'CTDT 003' );
insert into CHUNGCHICTDAOTAO( MACHUNGCHI, MAHV, NGAYCAP, XEPLOAI, MACT) values ('CCCTDT 036','HV036', CAST(N'2021-06-21' AS Date),  N'Trung bình', 'CTDT 003' );
insert into CHUNGCHICTDAOTAO( MACHUNGCHI, MAHV, NGAYCAP, XEPLOAI, MACT) values ('CCCTDT 037','HV037', CAST(N'2021-07-22' AS Date), N'Khá', 'CTDT 003' );
insert into CHUNGCHICTDAOTAO( MACHUNGCHI, MAHV, NGAYCAP, XEPLOAI, MACT) values ('CCCTDT 038','HV038', CAST(N'2021-05-19' AS Date), N' Tốt', 'CTDT 003' );
insert into CHUNGCHICTDAOTAO( MACHUNGCHI, MAHV, NGAYCAP, XEPLOAI, MACT) values ('CCCTDT 039','HV039', CAST(N'2021-05-30' AS Date), N'Khá', 'CTDT 003' );
insert into CHUNGCHICTDAOTAO( MACHUNGCHI, MAHV, NGAYCAP, XEPLOAI, MACT) values ('CCCTDT 040','HV040', CAST(N'2021-06-11' AS Date),  N'Trung bình', 'CTDT 003' );
insert into CHUNGCHICTDAOTAO( MACHUNGCHI, MAHV, NGAYCAP, XEPLOAI, MACT) values ('CCCTDT 041','HV041', CAST(N'2021-06-01' AS Date),  N'Trung bình', 'CTDT 003' );
insert into CHUNGCHICTDAOTAO( MACHUNGCHI, MAHV, NGAYCAP, XEPLOAI, MACT) values ('CCCTDT 042','HV042', CAST(N'2021-06-02' AS Date), N'Khá', 'CTDT 003' );
insert into CHUNGCHICTDAOTAO( MACHUNGCHI, MAHV, NGAYCAP, XEPLOAI, MACT) values ('CCCTDT 043','HV043', CAST(N'2021-03-04' AS Date), N' Tốt', 'CTDT 003' );
insert into CHUNGCHICTDAOTAO( MACHUNGCHI, MAHV, NGAYCAP, XEPLOAI, MACT) values ('CCCTDT 044','HV044', CAST(N'2021-08-08' AS Date), N'Khá', 'CTDT 003' );
insert into CHUNGCHICTDAOTAO( MACHUNGCHI, MAHV, NGAYCAP, XEPLOAI, MACT) values ('CCCTDT 045','HV045', CAST(N'2021-09-06' AS Date),  N'Trung bình', 'CTDT 003' );
insert into CHUNGCHICTDAOTAO( MACHUNGCHI, MAHV, NGAYCAP, XEPLOAI, MACT) values ('CCCTDT 046','HV046', CAST(N'2021-02-06' AS Date),  N'Trung bình', 'CTDT 003' );
insert into CHUNGCHICTDAOTAO( MACHUNGCHI, MAHV, NGAYCAP, XEPLOAI, MACT) values ('CCCTDT 047','HV047', CAST(N'2021-11-02' AS Date), N'Khá', 'CTDT 003' );
insert into CHUNGCHICTDAOTAO( MACHUNGCHI, MAHV, NGAYCAP, XEPLOAI, MACT) values ('CCCTDT 048','HV048', CAST(N'2021-12-04' AS Date), N' Tốt', 'CTDT 003' );
insert into CHUNGCHICTDAOTAO( MACHUNGCHI, MAHV, NGAYCAP, XEPLOAI, MACT) values ('CCCTDT 049','HV049', CAST(N'2021-08-08' AS Date), N'Khá', 'CTDT 003' );
insert into CHUNGCHICTDAOTAO( MACHUNGCHI, MAHV, NGAYCAP, XEPLOAI, MACT) values ('CCCTDT 050','HV050', CAST(N'2021-07-06' AS Date),  N'Trung bình', 'CTDT 003' );
insert into CHUNGCHICTDAOTAO( MACHUNGCHI, MAHV, NGAYCAP, XEPLOAI, MACT) values ('CCCTDT 051','HV051', CAST(N'2021-06-06' AS Date),  N'Trung bình', 'CTDT 003' );
insert into CHUNGCHICTDAOTAO( MACHUNGCHI, MAHV, NGAYCAP, XEPLOAI, MACT) values ('CCCTDT 052','HV052', CAST(N'2021-09-02' AS Date), N'Khá', 'CTDT 003' );
insert into CHUNGCHICTDAOTAO( MACHUNGCHI, MAHV, NGAYCAP, XEPLOAI, MACT) values ('CCCTDT 053','HV053', CAST(N'2021-02-04' AS Date), N' Tốt', 'CTDT 003' );
insert into CHUNGCHICTDAOTAO( MACHUNGCHI, MAHV, NGAYCAP, XEPLOAI, MACT) values ('CCCTDT 054','HV054', CAST(N'2021-04-08' AS Date), N'Khá', 'CTDT 003' );
insert into CHUNGCHICTDAOTAO( MACHUNGCHI, MAHV, NGAYCAP, XEPLOAI, MACT) values ('CCCTDT 055','HV055', CAST(N'2021-06-06' AS Date),  N'Trung bình', 'CTDT 003' );
insert into CHUNGCHICTDAOTAO( MACHUNGCHI, MAHV, NGAYCAP, XEPLOAI, MACT) values ('CCCTDT 056','HV056', CAST(N'2021-06-15' AS Date),  N'Trung bình', 'CTDT 003' );
insert into CHUNGCHICTDAOTAO( MACHUNGCHI, MAHV, NGAYCAP, XEPLOAI, MACT) values ('CCCTDT 057','HV057', CAST(N'2021-07-14' AS Date), N'Khá', 'CTDT 003' );
insert into CHUNGCHICTDAOTAO( MACHUNGCHI, MAHV, NGAYCAP, XEPLOAI, MACT) values ('CCCTDT 058','HV058', CAST(N'2021-05-24' AS Date), N' Tốt', 'CTDT 003' );
insert into CHUNGCHICTDAOTAO( MACHUNGCHI, MAHV, NGAYCAP, XEPLOAI, MACT) values ('CCCTDT 059','HV059', CAST(N'2021-05-01' AS Date), N'Khá', 'CTDT 003' );
insert into CHUNGCHICTDAOTAO( MACHUNGCHI, MAHV, NGAYCAP, XEPLOAI, MACT) values ('CCCTDT 060','HV060', CAST(N'2021-06-01' AS Date),  N'Trung bình', 'CTDT 003' );

insert into CHUNGCHITINHOC( MACHUNGCHI, TENCHUNGCHI, MAHV, NGAYCAP, XEPLOAI, MANHOMHP) values ('CCTH 021',N'Văn bằng tin học','HV021',CAST(N'2021-09-02' AS Date), N'Giỏi', 'NHP 001');
insert into CHUNGCHITINHOC( MACHUNGCHI, TENCHUNGCHI, MAHV, NGAYCAP, XEPLOAI, MANHOMHP) values ('CCTH 022',N'Văn bằng tin học','HV022',CAST(N'2021-09-02' AS Date), N'Trung bình', 'NHP 002');
insert into CHUNGCHITINHOC( MACHUNGCHI, TENCHUNGCHI, MAHV, NGAYCAP, XEPLOAI, MANHOMHP) values ('CCTH 023',N'Văn bằng tin học','HV023',CAST(N'2021-09-02' AS Date), N'Khá', 'NHP 003');
insert into CHUNGCHITINHOC( MACHUNGCHI, TENCHUNGCHI, MAHV, NGAYCAP, XEPLOAI, MANHOMHP) values ('CCTH 024',N'Văn bằng tin học','HV024',CAST(N'2021-09-02' AS Date), N'Giỏi', 'NHP 004');
insert into CHUNGCHITINHOC( MACHUNGCHI, TENCHUNGCHI, MAHV, NGAYCAP, XEPLOAI, MANHOMHP) values ('CCTH 025',N'Văn bằng tin học','HV025',CAST(N'2021-09-02' AS Date), N'Khá', 'NHP 005');
insert into CHUNGCHITINHOC( MACHUNGCHI, TENCHUNGCHI, MAHV, NGAYCAP, XEPLOAI, MANHOMHP) values ('CCTH 026',N'Văn bằng tin học','HV026',CAST(N'2021-09-02' AS Date), N'Khá', 'NHP 006');

insert into CHUNGCHITINHOC( MACHUNGCHI, TENCHUNGCHI, MAHV, NGAYCAP, XEPLOAI, MANHOMHP) values ('CCTH 061',N'Chứng chỉ A','HV061',CAST(N'2021-09-04' AS Date), N'Giỏi', 'NHP 007');
insert into CHUNGCHITINHOC( MACHUNGCHI, TENCHUNGCHI, MAHV, NGAYCAP, XEPLOAI, MANHOMHP) values ('CCTH 062',N'Chứng chỉ A','HV062',CAST(N'2021-09-04' AS Date), N'Khá', 'NHP 007');
insert into CHUNGCHITINHOC( MACHUNGCHI, TENCHUNGCHI, MAHV, NGAYCAP, XEPLOAI, MANHOMHP) values ('CCTH 063',N'Chứng chỉ A','HV063',CAST(N'2021-09-04' AS Date), N'Trung bình', 'NHP 007');
insert into CHUNGCHITINHOC( MACHUNGCHI, TENCHUNGCHI, MAHV, NGAYCAP, XEPLOAI, MANHOMHP) values ('CCTH 064',N'Chứng chỉ A','HV064',CAST(N'2021-09-04' AS Date), N'Khá', 'NHP 007');
insert into CHUNGCHITINHOC( MACHUNGCHI, TENCHUNGCHI, MAHV, NGAYCAP, XEPLOAI, MANHOMHP) values ('CCTH 065',N'Chứng chỉ A','HV065',CAST(N'2021-09-04' AS Date), N'Giỏi', 'NHP 007');

insert into CHUNGCHITINHOC( MACHUNGCHI, TENCHUNGCHI, MAHV, NGAYCAP, XEPLOAI, MANHOMHP) values ('CCTH 081',N'Chứng chỉ A','HV081',CAST(N'2021-09-06' AS Date), N'Giỏi', 'NHP 008');
insert into CHUNGCHITINHOC( MACHUNGCHI, TENCHUNGCHI, MAHV, NGAYCAP, XEPLOAI, MANHOMHP) values ('CCTH 082',N'Chứng chỉ A','HV082',CAST(N'2021-09-06' AS Date), N'Khá', 'NHP 008');
insert into CHUNGCHITINHOC( MACHUNGCHI, TENCHUNGCHI, MAHV, NGAYCAP, XEPLOAI, MANHOMHP) values ('CCTH 083',N'Chứng chỉ A','HV083',CAST(N'2021-09-06' AS Date), N'Trung bình', 'NHP 008');
insert into CHUNGCHITINHOC( MACHUNGCHI, TENCHUNGCHI, MAHV, NGAYCAP, XEPLOAI, MANHOMHP) values ('CCTH 084',N'Chứng chỉ A','HV084',CAST(N'2021-09-06' AS Date), N'Khá', 'NHP 008');
insert into CHUNGCHITINHOC( MACHUNGCHI, TENCHUNGCHI, MAHV, NGAYCAP, XEPLOAI, MANHOMHP) values ('CCTH 085',N'Chứng chỉ A','HV085',CAST(N'2021-09-06' AS Date), N'Giỏi', 'NHP 008');


